streetName,streetType,minHouseNum,maxHouseNum
1st,St,1,100
2nd,St,1,100
3rd,St,1,100
4th,St,1,100
5th,St,1,100
6th,St,1,100
7th,St,1,100
8th,St,1,100
9th,St,1,100
10th,St,1,100
11th,St,1,100
12th,St,1,100
13th,St,1,100
14th,St,1,100
15th,St,1,100
16th,St,1,100
17th,St,1,100
18th,St,1,100
19th,St,1,100
20th,St,1,100
21st,St,1,100
22nd,St,1,100
23rd,St,1,100
24th,St,1,100
25th,St,1,100
1st,Av,1,100
2nd,Av,1,100
3rd,Av,1,100
4th,Av,1,100
5th,Av,1,100
6th,Av,1,100
7th,Av,1,100
8th,Av,1,100
9th,Av,1,100
10th,Av,1,100
11th,Av,1,100
12th,Av,1,100
13th,Av,1,100
14th,Av,1,100
15th,Av,1,100
16th,Av,1,100
17th,Av,1,100
18th,Av,1,100
19th,Av,1,100
20th,Av,1,100
21st,Av,1,100
22nd,Av,1,100
23rd,Av,1,100
24th,Av,1,100
25th,Av,1,100
Abajo,Dr,1,100
Abbey Glen,Pl,1,100
Abdale,St,1,100
Abelia,Rd,1,100
Able,St,1,100
Abordo,Dr,1,100
Acacia,Ct,1,100
Acacia,Dr,1,100
Academy,Pl,1,100
Acanthus,Wy,1,100
Acedia,Ct,1,100
Ackerman,Av,1,100
Acorn,Ct,1,100
Ada,St,1,100
Adamsboro,Dr,1,100
Aden,Av,1,100
Adobe,Ct,1,100
Adolfo,Ct,1,100
Adon,Av,1,100
Adonis,Ln,1,100
Adriana,Cr,1,100
Adriene,Wy,1,100
Agajanian,Dr,1,100
Agajanian,Dr,1,100
Agapanthus,Ln,1,100
Agate,Wy,1,100
Agramonte,Dr,1,100
Aguadero,Pl,1,100
Ailean,Ct,1,100
Airville,St,1,100
Aja,Ct,1,100
Akins,Ct,1,100
Alabastro,Dr,1,100
Alabega,Ct,1,100
Alaminos,Dr,1,100
Alaminos,Dr,1,100
Alaminos,Dr,1,100
Alamo,Wy,1,100
Alamogordo,Rd,1,100
Alamos,Ln,1,100
Alamota,Dr,1,100
Alaya,Dr,1,100
Alberto,Ct,1,100
Albreco,,1,100
Alcon,Dr,1,100
Alcott,Ct,1,100
Aldbury,St,1,100
Alder,Ct,1,100
Alder,Dr,1,100
Alder,St,1,100
Alder Glen,Cr,1,100
Alder Peak,Av,1,100
Alderbrook,Dr,1,100
Aldercreek,St,1,100
Alegro,Dr,1,100
Alejandro,Dr,1,100
Alesna,Dr,1,100
Alfreds,Wy,1,100
Alia,Ct,1,100
Alicante,Dr,1,100
Aliso,,1,100
Allegra,Wy,1,100
Allenwick,Av,1,100
Allison,Dr,1,100
Allium,Ct,1,100
Allori,Wy,1,100
Almendra,Dr,1,100
Alta,Dr,1,100
Alta Knoll,Dr,1,100
Alta Madera - All Numbers,Dr,1,100
Alta Madera - Even Number,Dr,1,100
Alta Madera - Odd Numbers,Dr,1,100
Alta Madera - Odd Numbers,Dr,1,100
Alta Vista,Av,1,100
Altair,Ln,1,100
Altamere,Av,1,100
Altamonte,Av,1,100
Altena,Dr,1,100
Alton,Wy,1,100
Altos,Dr,1,100
Alyssa,Dr,1,100
Alyssum,Ln,1,100
Alyssum,Pl,1,100
Amable,Ct,1,100
Amaryllis,Ct,1,100
Amber,Wy,1,100
Amber Ridge,Rd,1,100
Amberley,Wy,1,100
Amberwood,Ln,1,100
Amelia,Ln,1,100
American,Av,1,100
American Beauty,Dr,1,100
Amethyst,Wy,1,100
Amhurst,Pl,1,100
Amor,Walk,1,100
Amorette,Ct,1,100
Anacapa,Ln,1,100
Anchor,Ln,1,100
Andermatt,Pl,1,100
Anderson,Ln,1,100
Angela Yvonne,Av,1,100
Angelica,Pl,1,100
Anna,Ct,1,100
Anne Freda,St,1,100
Annelise,Wy,1,100
Annes,Cr,1,100
Annette Jo,Cr,1,100
Annmae,Pl,1,100
Anthony,Ln,1,100
Anvik,St,1,100
Anza,Dr,1,100
Anzel,Cr,1,100
Anzio,Wy,1,100
Aosta,Ct,1,100
Apache,Ct,1,100
Apam,,1,100
Aparri,Av,1,100
Aphrodite,Ln,1,100
Appalachian,Dr,1,100
Appaloosa,Rd,1,100
Apple,St,1,100
Applegate,Ct,1,100
Applewood,Ln,1,100
Apricot,Pl,1,100
Aranda,Ln,1,100
Ln,,1,100
Arbor,Pl,1,100
Arbor Hill,Wy,1,100
Arcadia,St,1,100
Arcay,Av,1,100
Arcay,Av,1,100
Arch,St,1,100
Arch,St,1,100
Arch,St,1,100
Arches,Ln,1,100
Arden,Av,1,100
Arena,Dr,1,100
Argenti,Ct,1,100
Arlen,Dr,1,100
Arline,St,1,100
Arlington,St,1,100
Armstrong,Cr,1,100
Arriba,Dr,1,100
Arriola,Av,1,100
Arrow Point,Dr,1,100
Arrowhead,Ct,1,100
Arroyo,Ct,1,100
Arroyo Oak,Ln,1,100
Arroyo Pk - All Numbers,Dr,1,100
Arroyo Pk - All Numbers,Dr,1,100
Arroyo Pk - Even Number,Dr,1,100
Arroyo Pk - Odd Numbers,Dr,1,100
Arroyo Spring,Dr,1,100
Ct,,1,100
Artine,Dr,1,100
Ascona,Dr,1,100
Ash,Ct,1,100
Ash Creek,Ln,1,100
Ash Glen,Cr,1,100
Ashboro,Dr,1,100
Ashbrook,Ln,1,100
Ashby,Ct,1,100
Ashfield,Ct,1,100
Ashfield,Pl,1,100
Ashland,Ct,1,100
Ashwood,Pl,1,100
Aspen,Ct,1,100
Aspen,Pl,1,100
Aspen Meadow,Ct,1,100
Aspen Ridge,Dr,1,100
Astor Racing,Ct,1,100
Atherton Cyn,Rd,1,100
Atlas,Ln,1,100
Atley,Ct,1,100
Atwood,Blvd,1,100
Auburn,Ct,1,100
Audrey,Ct,1,100
Augusta,Pl,1,100
Aumond,Av,1,100
Aurora,Dr,1,100
Aurora,Ln,1,100
Austin,Ct,1,100
Autumn,Pl,1,100
Autumn Oak,Ct,1,100
Autumn Oak,Wy,1,100
Av Crocker,,1,100
Av Hall,,1,100
Av Hopkins,,1,100
Av Hopkins,,1,100
Av Kearney,,1,100
Av Of The Oaks,,1,100
Av Paine,,1,100
Av Penn,,1,100
Av Rockefeller,,1,100
Av Scott,,1,100
Av Scott,,1,100
Av Sherman,,1,100
Av Stanford,,1,100
Av Stanford,,1,100
Av Tibbitts,,1,100
Av Tibbitts,,1,100
Av Williams,,1,100
Avanti,Ct,1,100
Avd Avila,,1,100
Avd Balita,,1,100
Avd Cappela,,1,100
Avd Crescenta,,1,100
Avd De Estrella,,1,100
Avd De Sonrisa,,1,100
Avd Del Luna,,1,100
Avd Del Sol,,1,100
Avd Dorena,,1,100
Avd Entrana,,1,100
Avd Escalera,,1,100
Avd Frasca,,1,100
Avd Ignacio,,1,100
Avd Jolita,,1,100
Avd Navarre,,1,100
Avd Presidio,,1,100
Avd Rancho Tesoro,,1,100
Avd Ronada,,1,100
Avd Rondel,,1,100
Avd Rotella,,1,100
Avd Sonrisa,,1,100
Avd Terraza,,1,100
Avd Velarte,,1,100
Avignon,Dr,1,100
Avion,Cr,1,100
Avocado,Ln,1,100
Avocado,Pl,1,100
Avocet,Ct,1,100
Ayala,Rd,1,100
Azalia Trl,Ct,1,100
Azure Field,Dr,1,100
Azurite,Pl,1,100
Babington,St,1,100
Back Bay,Ct,1,100
Backer,,1,100
Bacon,Ct,1,100
Bagby,Dr,1,100
Bainbury,St,1,100
Bainbury,St,1,100
Bainbury,St,1,100
Bajada,Dr,1,100
Baker,Pl,1,100
Baker,St,1,100
Baker Cyn,Rd,1,100
Bakerton,Av,1,100
Bakerton,Av,1,100
Baldwin,Pl,1,100
Baleria,Ct,1,100
Balerna,Dr,1,100
Balsa,Ct,1,100
Balsam,Ct,1,100
Balta,Dr,1,100
Bamboo,Dr,1,100
Bancroft,Pl,1,100
Baneberry,Pl,1,100
Banjo,Cr,1,100
Bannerman,Av,1,100
Banuelo,Av,1,100
Banyan,Pl,1,100
Bar Harbor,Ct,1,100
Barada,Av,1,100
Barbacoa,Dr,1,100
Barbacoa,Dr,1,100
Barbacoa,Pl,1,100
Barcelona,Rd,1,100
Barcotta,Dr,1,100
Barfield,Dr,1,100
Barganca,Ct,1,100
Barnacle,Ln,1,100
Barnett,Ln,1,100
Barnhill,Rd,1,100
Barrett,Dr,1,100
Barringer,Rd,1,100
Basel,St,1,100
Basset,,1,100
Bates,Pl,1,100
Baviera,Wy,1,100
Baxard,Pl,1,100
Bayport,Ln,1,100
Bayside,Ln,1,100
Bayview,Ct,1,100
Baywood,Ln,1,100
Bea,Ct,1,100
Beachcomber,Ln,1,100
Beachgrove,Ct,1,100
Beacon,St,1,100
Beale,Ct,1,100
Beau,Ct,1,100
Beaumont,St,1,100
Beautyberry,Pl,1,100
Beaver Run,Rd,1,100
Beckett,Wy,1,100
Bedford,Wy,1,100
Beech Creek,Cr,1,100
Beecher,Ln,1,100
Beechnut,Cr,1,100
Beechwillow,St,1,100
Beechwood,Dr,1,100
Begonias,Ln,1,100
Begonias,Ln,1,100
Bel Monte,Ct,1,100
Belcaro,Ct,1,100
Beldove,Ct,1,100
Bella,Ct,1,100
Bella Santa,Dr,1,100
Bella Vista,Dr,1,100
Bellerive,Dr,1,100
Belleza,Ct,1,100
Bellis,Dr,1,100
Belmont,Ct,1,100
Ben,Ct,1,100
Bena,Ct,1,100
Beneda,Ln,1,100
Benito,Ct,1,100
Bennington,Dr,1,100
Bension,Dr,1,100
Bentgrass,Wy,1,100
Bentley,Wy,1,100
Bentley Manor,Pl,1,100
Benton,Ct,1,100
Benz,Rd,1,100
Berault,Ct,1,100
Berino,Dr,1,100
Berkshire,Pl,1,100
Berkshire Hills,Pl,1,100
Bermejo,St,1,100
Bernardo,Wy,1,100
Bernina,Av,1,100
Bernina,Av,1,100
Berrywood,Ct,1,100
Berwick,Pl,1,100
Beryl,Pl,1,100
Berylwood,Pl,1,100
Bettina,Ct,1,100
Beverly Glen,Ct,1,100
Biago,Ct,1,100
Bidwell,Ln,1,100
Big Bend,Pl,1,100
Big Horn,Wy,1,100
Big Horn Walk,,1,100
Big Oak,Ln,1,100
Big Rapids,Loop,1,100
Big Sky,Walk,1,100
Big Sur,Dr,1,100
Bingham,Ct,1,100
Birch,Pl,1,100
Birch Cyn,Wy,1,100
Birch Glen,Cr,1,100
Birchleaf,Ct,1,100
Birdsong,Rd,1,100
Birkewood,Ct,1,100
Birmingham,Pl,1,100
Biscailuz,Dr,1,100
Bishop,Ct,1,100
Black Oak,Dr,1,100
Black Oak,Ln,1,100
Black Pine,Wy,1,100
Blackbird,Ln,1,100
Blackbrush,Dr,1,100
Blacker House,Ct,1,100
Blackfoot,Ct,1,100
Blaine,Ct,1,100
Blake,Wy,1,100
Blakely,Pl,1,100
Blanca,Wy,1,100
Blending,Rd,1,100
Block Cyn,Rd,1,100
Bloomfield,Ct,1,100
Blossom,Ct,1,100
Blue Aspen,Ln,1,100
Blue Cloud,Rd,1,100
Blue Curl,Wy,1,100
Blue Moon,Ct,1,100
Blue Ridge,Wy,1,100
Blue Sky,Ln,1,100
Blue Spruce,Pl,1,100
Blueridge,Dr,1,100
Bluesky,Wy,1,100
Bluestone,Pl,1,100
Bobcat,Wy,1,100
Bobwhite,Cr,1,100
Bockdale,Av,1,100
Bodie,Pl,1,100
Bond,Ct,1,100
Bonita,,1,100
Bonlee,Av,1,100
Bonnie,Wy,1,100
Bonnie View,Av,1,100
Bonsai,Ct,1,100
Bookham,Dr,1,100
Borage,Ct,1,100
Borgona,Ln,1,100
Bottletree,Ln,1,100
Bougainvillia,Wy,1,100
Boulder,St,1,100
Boulder Creek,Rd,1,100
Boulder Crest,Ct,1,100
Boulder Crest,Dr,1,100
Bouquet Cyn,Rd,1,100
Bowie,Ct,1,100
Bowman,Wy,1,100
Boxwood,Ln,1,100
Bracken,Ln,1,100
Braddon Oak,Dr,1,100
Bradenton,Ct,1,100
Brady,Pkwy,1,100
Bramble,Wy,1,100
Branbury,Ct,1,100
Branch,Rd,1,100
Brandon,Cr,1,100
Brandywine Cyn,Rd,1,100
Brant,Wy,1,100
Braxton,Av,1,100
Breakers Cove,,1,100
Breakwater,Wy,1,100
Breckenridge,Pl,1,100
Brei,Ct,1,100
Brendle,Wy,1,100
Brescia,Dr,1,100
Breton,Ct,1,100
Brett,Ct,1,100
Brian,Ct,1,100
Brianna,Ln,1,100
Briarcliff,Pl,1,100
Briardale,Wy,1,100
Briars,Pl,1,100
Briarwood,Ct,1,100
Bridgeport,Ln,1,100
Bridger,Ct,1,100
Bridges,Ct,1,100
Bridgeview,Ln,1,100
Bridgewater,Dr,1,100
Bridlewood,Dr,1,100
Brier,Wy,1,100
Brigadoon,Ct,1,100
Brighton,Dr,1,100
Brighton,Ln,1,100
Brighton,Pl,1,100
Brightwood,Pl,1,100
Brillante,,1,100
Brinton,Pl,1,100
Brio,Ct,1,100
Bristol,Wy,1,100
Brittany,Ln,1,100
Bronco,Dr,1,100
Bronte,Ln,1,100
Brook,Ct,1,100
Brookdale,Ct,1,100
Brookdale,Ln,1,100
Brooke,Ln,1,100
Brooken,Av,1,100
Brookhaven,Pl,1,100
Brookhollow,Dr,1,100
Brookie,Ln,1,100
Brooks,Cr,1,100
Brookside,Ct,1,100
Brookside,Dr,1,100
Brookview,Ter,1,100
Brown Oaks,Wy,1,100
Browning,Pl,1,100
Bruces,Pl,1,100
Bruin,Pl,1,100
Bryant,Pl,1,100
Bryce,Ct,1,100
Bryce,Ct,1,100
Bryce,Dr,1,100
Bryce,Rd,1,100
Buchanan,Wy,1,100
Buckeye,Ct,1,100
Buckhorn,Ln,1,100
Buckskin,Dr,1,100
Buckskin,Ln,1,100
Bud,Ct,1,100
Buena Vista,Ct,1,100
Burgandy Crossing,Ln,1,100
Burke,Pl,1,100
Burlwood,Dr,1,100
Burns,Pl,1,100
Burr,Ct,1,100
Burroughs,Pl,1,100
Burt,Ct,1,100
Burton,Wy,1,100
Byfield,Rd,1,100
Byrne,Pl,1,100
Byron,Pl,1,100
Byron,Wy,1,100
Cabelleta,Dr,1,100
Cabezo,Ct,1,100
Cabral,St,1,100
Cabrera,Av,1,100
Cabrillo,Ln,1,100
Cabrillo,St,1,100
Caceras,St,1,100
Cachuma,Ln,1,100
Caitlin,Ln,1,100
Caladium,Pl,1,100
Calcite,Ct,1,100
Calcutta Pass,Ln,1,100
Calex,Dr,1,100
Calgrove,Blvd,1,100
Calhaven,Dr,1,100
Calla,Wy,1,100
Calla,Wy,1,100
Calla Lily,Ct,1,100
Calle,Ct,1,100
Calle Arbor,,1,100
Calle Arino,,1,100
Calle Brillante,,1,100
Calle Brisa,,1,100
Calle Cerrito,,1,100
Calle De La Paz,,1,100
Calle De Las Brisas,,1,100
Calle De Sol,Dr,1,100
Calle Del Cielo,,1,100
Calle Lumina,,1,100
Calle Plata,,1,100
Calle Primavera,,1,100
Calle Terraza,,1,100
Calle Verano,,1,100
Calvello,Dr,1,100
Calvello,Dr,1,100
Calwood,St,1,100
Calypso,Ln,1,100
Calypso,Ln,1,100
Camargo,Dr,1,100
Camas,Ct,1,100
Cambria Estates,Ln,1,100
Cambridge,Av,1,100
Camden,Pl,1,100
Camelia Hill,Wy,1,100
Camelot,Ct,1,100
Cameron,Ct,1,100
Camford,Pl,1,100
Camino Alegre,,1,100
Camino Arena,,1,100
Camino De Cielo,Dr,1,100
Camino Del Arte,Dr,1,100
Camino Del Lago,,1,100
Camino Del Montana,,1,100
Camino Del Valle,,1,100
Camomile,Ln,1,100
Camp Plenty,Rd,1,100
Camp View,Dr,1,100
Campbell,Ct,1,100
Camphor,Ct,1,100
Canary,Ct,1,100
Candice,Ct,1,100
Candington,Ct,1,100
Canerwell,St,1,100
Canna Valley,St,1,100
Cannes,Pl,1,100
Canoe,Rd,1,100
Canones,Cr,1,100
Canones,Pl,1,100
Canso,Ln,1,100
Cantada,Dr,1,100
Canterbury,Ct,1,100
Canterwood,Dr,1,100
Cantos,Dr,1,100
Canvas,St,1,100
Canyon,Ln,1,100
Canyon Crest,Dr,1,100
Canyon Crest,Dr,1,100
Canyon End,Rd,1,100
Canyon Gate,Rd,1,100
Canyon Heights,Cr,1,100
Canyon Oak,Pl,1,100
Canyon Oak,Rd,1,100
Canyon Pk,Blvd,1,100
Canyon Pk,Blvd,1,100
Canyon Rim,Pl,1,100
Canyon Ter,Wy,1,100
Canyon View,Dr,1,100
Capallero,Dr,1,100
Cape Cod,Dr,1,100
Cape Jasmine,Rd,1,100
Cape May,Ct,1,100
Capew,St,1,100
Capistrano,Ct,1,100
Capra,Rd,1,100
Capri,Ct,1,100
Caraway,Ln,1,100
Caraway,Ln,1,100
Cardiff,Dr,1,100
Cardinal,Dr,1,100
Cardinal,Dr,1,100
Cardwick,Ct,1,100
Caribou,Ct,1,100
Carillo,Dr,1,100
Cariz,Dr,1,100
Carl,Ct,1,100
Carl Boyer,Dr,1,100
Carla,Ct,1,100
Carland,Dr,1,100
Carlos,Pl,1,100
Carmelita,Dr,1,100
Carmen,Dr,1,100
Carnation,Ct,1,100
Carnegie,Av,1,100
Carol,Ct,1,100
Carol Sue,Ln,1,100
Carranza,Ln,1,100
Carrizo,Dr,1,100
Carroll,Ln,1,100
Carrousel,Dr,1,100
Carson,Ct,1,100
Carson,Wy,1,100
Cartagena,Pl,1,100
Carvel,Dr,1,100
Cary,Ct,1,100
Casa Luna,Pl,1,100
Cascade,Ct,1,100
Cascade,Rd,1,100
Cashmere,Pl,1,100
Casselman,Ln,1,100
Cast,Av,1,100
Castaic,Rd,1,100
Castaic Cyn,Rd,1,100
Castaic Lake,Dr,1,100
Castaic Oaks,Ln,1,100
Castaic Reservoir,Rd,1,100
Castilla,Ct,1,100
Castille,Ln,1,100
Castillo,Ln,1,100
Castlebury,Pl,1,100
Caston,Ct,1,100
Catala,Av,1,100
Cataro,Dr,1,100
Catskills,Ct,1,100
Cattail,Wy,1,100
Cavalini,Pl,1,100
Cavehill,Rd,1,100
Cavern,Ct,1,100
Cayenne,Dr,1,100
Cayman,Pl,1,100
Cedar,Ln,1,100
Cedar,Pl,1,100
Cedar,Wy,1,100
Cedar Cyn,Ct,1,100
Cedar Glen,Ct,1,100
Cedar Oak,Ln,1,100
Cedar Ridge,Ct,1,100
Cedar Ridge,Pl,1,100
Cedar Town,St,1,100
Cedar Valley,Wy,1,100
Cedarcreek,St,1,100
Cedarcreek,St,1,100
Cedarfalls,Dr,1,100
Cedarfort,Dr,1,100
Celestial,Ln,1,100
Celleste,Pl,1,100
Cement Block,Rd,1,100
Central,Av,1,100
Centre Pointe,Pkwy,1,100
Centurion,Wy,1,100
Cerca,Dr,1,100
Cerezo,Ct,1,100
Cero,Dr,1,100
Cerro Verde,Av,1,100
Ceylon,Pl,1,100
Cezanne,Ln,1,100
Chadsford,Dr,1,100
Chadway,St,1,100
Champagne,Ln,1,100
Championship,Wy,1,100
Channel,Ln,1,100
Channel,Rd,1,100
Chaparral,Ln,1,100
Chaparro,Dr,1,100
Charing Cross,Rd,1,100
Charles,Dr,1,100
Charley Cyn,Rd,1,100
Charley Cyn Lateral,,1,100
Charlie,Ct,1,100
Charonne,Ct,1,100
Chase,St,1,100
Chatfield,Wy,1,100
Chaucer,Pl,1,100
Chaz,Ct,1,100
Chelsea,Wy,1,100
Chenil,Ct,1,100
Cheraw,Dr,1,100
Cherokee Cyn,Ln,1,100
Cherry,Ct,1,100
Cherry,Ct,1,100
Cherry,Dr,1,100
Cherry,St,1,100
Cherry Blossom,Pl,1,100
Cherry Creek,Dr,1,100
Cherry Creek,Dr,1,100
Cherry Laurel,Pl,1,100
Cherry Willow,Dr,1,100
Chervil,Ct,1,100
Cheryl,Ln,1,100
Cheryl Kelton,Pl,1,100
Chesebrough,,1,100
Cheshire,Ln,1,100
Chesterfield,Dr,1,100
Chestnut,St,1,100
Chestnut,St,1,100
Chestnut,Wy,1,100
Cheswold,Ln,1,100
Cheyenne,Dr,1,100
Chicory,Ct,1,100
Chiffchaff,Ct,1,100
Chimney Rock,Rd,1,100
Chinkapin,St,1,100
Chiquella,Ln,1,100
Chiquito Cyn,Rd,1,100
Chisholm,Pl,1,100
Chisom,Ln,1,100
Chiswick,Ct,1,100
Choke Cherry,Ln,1,100
Choke Cherry,Ln,1,100
Chris,Pl,1,100
Christie,Ct,1,100
Christopher,Ln,1,100
Chucker,Ct,1,100
Chuckwagon,Pl,1,100
Church,St,1,100
Cicely,Ct,1,100
Cielo,Ct,1,100
Cimarron,Wy,1,100
Cindy,Ct,1,100
Cinema,Dr,1,100
Cinnabar,Ln,1,100
Circle G,Dr,1,100
Circle J Ranch,Rd,1,100
Citrine,Ct,1,100
Citrus,Pl,1,100
Citylight,Ct,1,100
Claibourne,Ln,1,100
Clampitt,Rd,1,100
Claremont,Dr,1,100
Clarence,Ct,1,100
Clark,Ct,1,100
Clarke,St,1,100
Clarkson,Ct,1,100
Claudette,St,1,100
Claycrest,Dr,1,100
Claymore,Wy,1,100
Clayton,Ct,1,100
Clearbank,Ln,1,100
Cleardale,St,1,100
Clearidge,Dr,1,100
Clearlake,Dr,1,100
Clearmont,Ct,1,100
Clearview,Ct,1,100
Clearwater,Ln,1,100
Clemens,Ct,1,100
Clementine,Dr,1,100
Cliffie,Wy,1,100
Clifton,Pl,1,100
Clifton,Pl,1,100
Climbing Ivy,Ct,1,100
Clio,Ln,1,100
Clover,Ct,1,100
Cloverdale,Ct,1,100
Cloverhurst,Pl,1,100
Cloverleaf,Pl,1,100
Coal Mtn,Ct,1,100
Coarse Gold Motor,Wy,1,100
Coast Redwood,Ln,1,100
Cobblestone,Ct,1,100
Cobblestone,Ct,1,100
Cockleburr,Ln,1,100
Cold Cyn,Ct,1,100
Coldsprings,Pl,1,100
Coldwater,Dr,1,100
Colebrook,Pl,1,100
Coleridge,Pl,1,100
Colhary,Ct,1,100
Colina,Dr,1,100
Collins,Rd,1,100
Colmena,Dr,1,100
Coloma,Ct,1,100
Colonial,Ln,1,100
Colorado,Pl,1,100
Coloretti,Ct,1,100
Colt,Rd,1,100
Coltrane,Av,1,100
Columbia,Ct,1,100
Colwell,Pl,1,100
Colwyn,Av,1,100
Comet,Wy,1,100
Commerce Center,Dr,1,100
Concord,Av,1,100
Concorse,Dr,1,100
Conde,Dr,1,100
Condor Ridge,Rd,1,100
Connick,Pl,1,100
Connie,Ct,1,100
Constellation,Rd,1,100
Constitution,Av,1,100
Contessa,Av,1,100
Conway,Pl,1,100
Coolidge,Av,1,100
Copper,Ct,1,100
Copper Hill,Dr,1,100
Copper Hill,Rd,1,100
Copper Mtn,Ct,1,100
Copper Ridge,Wy,1,100
Copperstone,Dr,1,100
Coral,Ln,1,100
Coral,Wy,1,100
Corales,Pl,1,100
Cordera,Ct,1,100
Cordo,Dr,1,100
Cordoba,Pl,1,100
Cordovan,Ln,1,100
Coriander,Ct,1,100
Cork Oak,Ln,1,100
Cornelia,Pl,1,100
Cornerstone,Wy,1,100
Cornwall,Pl,1,100
Coronado,Ct,1,100
Corry,Pl,1,100
Corsica,Pl,1,100
Cortina,Dr,1,100
Costa,,1,100
Costa Brava,,1,100
Cotswold,Dr,1,100
Cottage Cr,Dr,1,100
Cottage Grove,Dr,1,100
Cotton,,1,100
Cotton Blossom,Ln,1,100
Cottonwood,Ct,1,100
Cottonwood,Ct,1,100
Cottonwood,Dr,1,100
Country,Ct,1,100
Country,Rd,1,100
Countryside,Ln,1,100
Courtland,Wy,1,100
Courtview,Dr,1,100
Covala,Ct,1,100
Cowboy,Ct,1,100
Cr Knoll,Ct,1,100
Cr Of Friends,,1,100
Cr Of The Oaks,,1,100
Craftsmen,Ct,1,100
Crawford,Pl,1,100
Creek,Dr,1,100
Creek View,Dr,1,100
Creekbed,Rd,1,100
Creekside,Dr,1,100
Creekside,Ln,1,100
Creekside,Rd,1,100
Creekside,Rd,1,100
Crescent,Ct,1,100
Crest Heights,Dr,1,100
Cresthaven,Ct,1,100
Crestline,Trl,1,100
Creston,Ct,1,100
Crestview,Dr,1,100
Crestview,Dr,1,100
Crimson,Ct,1,100
Crockett,Ln,1,100
Croco,Pl,1,100
Cromwell,Av,1,100
Cronus,Ct,1,100
Crook Shank,Dr,1,100
Cross,St,1,100
Cross Creek,Dr,1,100
Cross Gate,Ct,1,100
Cross Mtn,Wy,1,100
Crossglade,Av,1,100
Crossglade,Av,1,100
Crosspath,Av,1,100
Crosswinds,Pl,1,100
Crown,Ct,1,100
Crown Ct,Cr,1,100
Crown Heights,Ct,1,100
Crown Point,Ct,1,100
Crystal Heights,Ct,1,100
Crystal Ridge,Ct,1,100
Crystal Spring,Ct,1,100
Crystal Springs,Rd,1,100
Cuatro Milpas,St,1,100
Cuervo,Dr,1,100
Cuestport,Dr,1,100
Cumin,Ct,1,100
Cunningham,Dr,1,100
Curassow,Ct,1,100
Curtis Alan,Pl,1,100
Cynthia,Ct,1,100
Cypress,Ct,1,100
Cypress,Pl,1,100
Cypress,Wy,1,100
Cypress Ridge,Cr,1,100
D Errico,Ln,1,100
Daffodil,Av,1,100
Dagmar,Wy,1,100
Dahlia Ridge,Dr,1,100
Dairy,Rd,1,100
Daisetta,Dr,1,100
Daisy,Ct,1,100
Daisy Meadow,St,1,100
Dakota,Dr,1,100
Dakotah,Ct,1,100
Dalbey,Dr,1,100
Dalgo,Dr,1,100
Dalton,St,1,100
Damar,Ct,1,100
Dan,Ct,1,100
Dana,Ct,1,100
Dandelion,Dr,1,100
Dandelion,Ln,1,100
Daniel,Dr,1,100
Danielson,St,1,100
Danny,Wy,1,100
Danton,Ct,1,100
Danvers,Pl,1,100
Darbun,Dr,1,100
Darcy,Ln,1,100
Dario,Av,1,100
Darla,Ct,1,100
Darrin,Ct,1,100
Darter,Dr,1,100
Davenport,Rd,1,100
Davey,Av,1,100
David,Wy,1,100
Dawkins,Av,1,100
Day Lily,Dr,1,100
Daydream,Wy,1,100
De La Guerra,,1,100
De La Vina,Wy,1,100
De Quincy,Pl,1,100
De Wolfe,Rd,1,100
Dead Horse,Cyn,1,100
Deana,Ln,1,100
Dearborn,Dr,1,100
Decoro,Dr,1,100
Decoro,Dr,1,100
Decoro,Rd,1,100
Dedre,Ln,1,100
Deed,Av,1,100
Deena,Pl,1,100
Deep Creek,Dr,1,100
Deeptree,Av,1,100
Deer,Ct,1,100
Deer Creek,Ln,1,100
Deer Springs,Dr,1,100
Deerfield,Ln,1,100
Defoe,Wy,1,100
Degas,Ln,1,100
Del Monte,Dr,1,100
Del Valle,Rd,1,100
Delden,Rd,1,100
Delden,,1,100
Delight,St,1,100
Delight,St,1,100
Delight,St,1,100
Delight,St,1,100
Dell,Ct,1,100
Delphinium,Av,1,100
Delwood,St,1,100
Denice,Pl,1,100
Denise,Ln,1,100
Denoya,Dr,1,100
Deodar,Pl,1,100
Deputy Jake,Dr,1,100
Derby,Pl,1,100
Derian,Dr,1,100
Desert,Av,1,100
Desert,Pl,1,100
Desert Rose,Dr,1,100
Desert Shadow,Rd,1,100
Devell,Rd,1,100
Devon,Ln,1,100
Devonshire,Ct,1,100
Dewdrop,Av,1,100
Dexter,Dr,1,100
Diablo,Pl,1,100
Diamond,Ln,1,100
Diamond,Pl,1,100
Diamond Head,,1,100
Diane Marie,Cr,1,100
Diaz,Dr,1,100
Dickason,Ct,1,100
Dickason,Dr,1,100
Dickens,Ct,1,100
Discovery Ridge,Dr,1,100
Diver,St,1,100
Dockweiler,Dr,1,100
Dogwood,Ct,1,100
Doherty,Av,1,100
Dolan,Wy,1,100
Dolce,Ct,1,100
Dolton,Dr,1,100
Don Gee,Ct,1,100
Dorado,Dr,1,100
Dorothy,St,1,100
Dorothy,St,1,100
Doubletree,Wy,1,100
Doug,Rd,1,100
Dove,Ct,1,100
Dove,Ln,1,100
Dove Willow,St,1,100
Dovehouse,St,1,100
Doveweed,Wy,1,100
Dowell,Dr,1,100
Doyle,Ct,1,100
Dragonfly,Ct,1,100
Drake,Pl,1,100
Drasin,Dr,1,100
Drayton,St,1,100
Drayton,St,1,100
Driftwood,Ct,1,100
Driver,Av,1,100
Dry Creek,Ct,1,100
Dry Cyn,Rd,1,100
Dry Well,Cr,1,100
Drycliff,St,1,100
Drycliff,St,1,100
Dubois,St,1,100
Duchess,Pl,1,100
Duke,Dr,1,100
Dulce,Ln,1,100
Dump,Rd,1,100
Dune,Ln,1,100
Dunsmore,Pl,1,100
Dupont,Pl,1,100
Durant,Pl,1,100
Durham,Pl,1,100
Dusty Willow,Ct,1,100
Duxbury,Pl,1,100
Eagle,Ln,1,100
Eagle Peak,Av,1,100
Eaglecrest,Av,1,100
Eaglehelm,Dr,1,100
Eagles Crest,Ct,1,100
Earnway,St,1,100
East,Rd,1,100
Eastern Pines,Ct,1,100
Easton,Ln,1,100
Ebb,Ct,1,100
Ebelden,Av,1,100
Echilman,Alley,1,100
Eddie,Ln,1,100
Edelweiss,Ct,1,100
Eden,Ct,1,100
Edenton,Pl,1,100
Edgehurst,Ln,1,100
Edgeview,Pl,1,100
Edgewater,Dr,1,100
Edgewater,Ln,1,100
Edison,Rd,1,100
Edison,Rd,1,100
Edison,Rd,1,100
Edison Potrero,Rd,1,100
Edmonds,Pl,1,100
Egret,Pl,1,100
El Corazon,Dr,1,100
El Dorado,Ct,1,100
El Gato,Pl,1,100
El Molina,Av,1,100
El Paseo,Dr,1,100
El Toro Fire Truck,Trl,1,100
Elder Creek,Dr,1,100
Elder View,Dr,1,100
Eleanor,Cr,1,100
Electra,Ct,1,100
Eleven,Ct,1,100
Elias,Av,1,100
Eliot,Ct,1,100
Elizabeth,Wy,1,100
Elk,Av,1,100
Elk Ridge,Rd,1,100
Elkwood,Ln,1,100
Ellery,Wy,1,100
Elliott,Ln,1,100
Ellis,Ct,1,100
Ellis Henry,Ct,1,100
Ellison,Wy,1,100
Elm,Ct,1,100
Elm,Ln,1,100
Elm Glen,Cr,1,100
Elmwood,Ln,1,100
Elsmere Cyn Motor,Wy,1,100
Elvira,Rd,1,100
Emerald,Ct,1,100
Emerald,Ln,1,100
Emerald Creek,Dr,1,100
Emerald Dove,Dr,1,100
Emerson,Ln,1,100
Emmett,Rd,1,100
Empalmo,Ct,1,100
Empino,Ln,1,100
Empress Oak,Ct,1,100
Enderly,St,1,100
Engineers,St,1,100
English Ivy,Ln,1,100
English Oak,Ct,1,100
English Rose,Pl,1,100
Ennismore,Av,1,100
Eos,Ln,1,100
Erato,,1,100
Erik,Ct,1,100
Ermine,Pl,1,100
Ermine,St,1,100
Ermine,St,1,100
Esperanza,Ln,1,100
Espinoza,Dr,1,100
Esplanada,Dr,1,100
Dr,,1,100
Espuma,Dr,1,100
Esquerra,Rd,1,100
Essex,Pl,1,100
Estaban,Dr,1,100
Esterbrook,Av,1,100
Estoril,St,1,100
Estrella,Pl,1,100
Eternal Valley Fire,Rd,1,100
Eucalyptus,Wy,1,100
Euclid,Av,1,100
Evan,Ln,1,100
Evans,Av,1,100
Evans,Av,1,100
Evans,Ct,1,100
Evening Side,Dr,1,100
Evening Star,Ct,1,100
Eveningshade,Av,1,100
Everett,Dr,1,100
Everett,Dr,1,100
Everglades,Ct,1,100
Evergreen,Ln,1,100
Evi,Ln,1,100
Evron,Av,1,100
Fahren,Ct,1,100
Fain,Dr,1,100
Fairbanks,Ct,1,100
Fairgate,Av,1,100
Fairglade,St,1,100
Fairhaven,Ct,1,100
Fairlain,Dr,1,100
Fairport,Av,1,100
Fairview,Dr,1,100
Fairview,Dr,1,100
Fairway,Cr,1,100
Fairway,Dr,1,100
Fairway,Ln,1,100
Fairweather,St,1,100
Fairweather,St,1,100
Fairweather,St,1,100
Fairweather,St,1,100
Faisan,Ct,1,100
Falcon Crest,Dr,1,100
Falcon Crest,Dr,1,100
Falcon Crest,Pl,1,100
Falconrim,Dr,1,100
Fall Cyn Truck,Trl,1,100
Fallen Oak,Ct,1,100
Falling Star,Ln,1,100
Falls,Dr,1,100
Falter,St,1,100
Fambrough,St,1,100
Fan,Ct,1,100
Fanchon,Ln,1,100
Fantastic,Ln,1,100
Far Hills,Rd,1,100
Farm Center,Rd,1,100
Farmington,Ln,1,100
Farnham,Ct,1,100
Farrell,Rd,1,100
Farrow,Dr,1,100
Faryn,Ct,1,100
Faulkner,Dr,1,100
Favoloso,Ct,1,100
Featherstar,Av,1,100
Fedala,Rd,1,100
Feedmill,Rd,1,100
Felbridge,St,1,100
Fenda,Wy,1,100
Fenwall,Dr,1,100
Fenway,Ct,1,100
Ferguson,Dr,1,100
Fern,Dr,1,100
Fern Ridge,Ct,1,100
Ferry,Ln,1,100
Festividad,Dr,1,100
Festividad,Dr,1,100
Ficus,Dr,1,100
Fieldwood,Ct,1,100
Fig,Ct,1,100
Figueroa,St,1,100
Finch,Ct,1,100
Fir,Ct,1,100
Firebrand,Dr,1,100
Firenze,Ct,1,100
Fireworks,Rd,1,100
Fitch,Av,1,100
Fitzgerald,Av,1,100
Flare,Rd,1,100
Flatwater,Ct,1,100
Flax,Dr,1,100
Flaxwood,Ln,1,100
Flemming,Pl,1,100
Flintwood,Ct,1,100
Flo,Ln,1,100
Florabunda,Rd,1,100
Floral,Ct,1,100
Florence,Ln,1,100
Flower Fields,Av,1,100
Flowering Oak,Pl,1,100
Flowerpark,Dr,1,100
Flowers,Ct,1,100
Flying Tiger,Dr,1,100
Flynn,Dr,1,100
Foothill,Rd,1,100
Ford,Ct,1,100
Forest Meadow,Pl,1,100
Forest View,Ct,1,100
Fork,,1,100
Forrest,St,1,100
Forst,Ct,1,100
Forster,Wy,1,100
Forsythe,Wy,1,100
Fortuna,Dr,1,100
Fountain Glen,Ct,1,100
Four Oaks,St,1,100
Fourl,Rd,1,100
Fox Run,Cr,1,100
Foxglove,Ct,1,100
Foxglove,Pl,1,100
Foxlane,Dr,1,100
Foxtail,Ct,1,100
Foxwood,Ct,1,100
Francisco,Wy,1,100
Franklin,Ln,1,100
Franklin,Pkwy,1,100
Franks,Wy,1,100
Franwood,Dr,1,100
Fremont,Ct,1,100
Friendly Valley,Pkwy,1,100
Frisca,Dr,1,100
Fritz,Wy,1,100
Frost,Ln,1,100
Fuji,Ct,1,100
Furnivall,Av,1,100
Fushia,Ct,1,100
Gable Ranch,Ln,1,100
Gabrial,Pl,1,100
Gaff,Ct,1,100
Gailxy,Av,1,100
Gaines,Wy,1,100
Galante,Wy,1,100
Galaxy,Wy,1,100
Galbreth,Ct,1,100
Gale,Dr,1,100
Galeton,Rd,1,100
Galloping,Ct,1,100
Galton,Rd,1,100
Galvez,Ct,1,100
Galway,Pl,1,100
Gamble House,Ct,1,100
Garden Of Mums,Pl,1,100
Garden Pk,Ct,1,100
Gardenia,Ct,1,100
Gardenia,,1,100
Gardenialane,Dr,1,100
Gardeniapark,Dr,1,100
Garfield,St,1,100
Garland,Ct,1,100
Garland,Dr,1,100
Garnet Cyn,Dr,1,100
Garnet Cyn,Dr,1,100
Gary,Dr,1,100
Garyford,Rd,1,100
Garza,Dr,1,100
Garzota,Dr,1,100
Gaspe,St,1,100
Gaspher,Ct,1,100
Gate,Rd,1,100
Gate,Rd,1,100
Gateway,Ct,1,100
Gaucho,Ct,1,100
Gavea,Cr,1,100
Gavilan,Dr,1,100
Gaylemont,Wy,1,100
Gazeley,St,1,100
Gelding,Rd,1,100
Gentian,Ct,1,100
Georgetown,Dr,1,100
Georgia,Ln,1,100
Geranimum Glen,Ln,1,100
Gibraltar,Ln,1,100
Gibraltar,Pl,1,100
Gibson,Pl,1,100
Gilbert,Dr,1,100
Gilford,Pl,1,100
Gilman,Ln,1,100
Gilmour,Rd,1,100
Gilmour,Rd,1,100
Gimlet,Dr,1,100
Gina,Ct,1,100
Ginger,Wy,1,100
Gita,Wy,1,100
Glacier,Pl,1,100
Gladbrook,Ct,1,100
Gladding,Wy,1,100
Glade,Ct,1,100
Gladesworth,Ln,1,100
Gladiolus,Dr,1,100
Gladious,Pl,1,100
Glasgow,Dr,1,100
Glasser,Av,1,100
Glasser,Av,1,100
Glen Cyn,Pl,1,100
Glendower,Ct,1,100
Gleneagle,Ct,1,100
Glenridge,Dr,1,100
Glorioso,Ln,1,100
Gold Cyn,Dr,1,100
Gold Hill,Dr,1,100
Goldcrest,Dr,1,100
Goldcrest,Dr,1,100
Golden Bush,Ln,1,100
Golden Glen,Ct,1,100
Golden Meadow,Ln,1,100
Golden Oak,Ln,1,100
Golden Oak,Rd,1,100
Golden Rain,Ln,1,100
Golden State,Hwy,1,100
Golden Triangle,Rd,1,100
Golden Triangle,Rd,1,100
Golden Valley,Rd,1,100
Golden Valley,Rd,1,100
Golden Valley,Rd,1,100
Golden Willow,Wy,1,100
Goldenrod,Wy,1,100
Goldfinch,Pl,1,100
Goldstream,Wy,1,100
Golf Course,Rd,1,100
Golf View,Dr,1,100
Goodrich,Ct,1,100
Goodvale,Rd,1,100
Goodvale,Rd,1,100
Goodvale,Rd,1,100
Grace,Ln,1,100
Graceton,Dr,1,100
Graciosa,St,1,100
Graham,Ln,1,100
Grajuelo,Dr,1,100
Grand Cyn,Rd,1,100
Grand Oaks,Dr,1,100
Grandifloras,Rd,1,100
Grandview,Dr,1,100
Granger,Pl,1,100
Granite,Ct,1,100
Granite Ridge,Ct,1,100
Grano,,1,100
Grape Lily,Cr,1,100
Grape Myrtle,Ln,1,100
Grasshopper Fire,Rd,1,100
Grassy Knoll,Ln,1,100
Gratland,Dr,1,100
Gravino,Rd,1,100
Gray,Ln,1,100
Grazia,Ln,1,100
Great Lakes,Ct,1,100
Green Hill,Dr,1,100
Green Mtn,Dr,1,100
Green Palms,Wy,1,100
Green Ter,Dr,1,100
Greencourt,Dr,1,100
Greencrest,Dr,1,100
Greenjay,Pl,1,100
Greenleaf,Ct,1,100
Greenleaf,Dr,1,100
Greenmill,Av,1,100
Greenridge,Wy,1,100
Greensbrier,Dr,1,100
Greensleeves,Ct,1,100
Greenwood,Pl,1,100
Gregory,Ln,1,100
Grey,Pl,1,100
Greystone,Ct,1,100
Griffith,Dr,1,100
Grommon,Wy,1,100
Grove,Av,1,100
Grove House,Dr,1,100
Grovepark,Dr,1,100
Grovepark,Dr,1,100
Guadilamar,Dr,1,100
Guilford,Ln,1,100
Gumtree,Pl,1,100
Gwenalda,Ln,1,100
Hacienda,Dr,1,100
Hacienda,Ln,1,100
Hacienda Ranch,Ct,1,100
Haden,Ct,1,100
Haleakala,,1,100
Half Moon,Pl,1,100
Hamlet,Wy,1,100
Hammet,Cr,1,100
Hammond,Ct,1,100
Hammons,Ct,1,100
Hampton,Dr,1,100
Hampton,Pl,1,100
Hancock,Pkwy,1,100
Happy Valley,Dr,1,100
Harby,Dr,1,100
Hardesty,Av,1,100
Harding,Av,1,100
Hardy,Pl,1,100
Harmony,Wy,1,100
Harris,Wy,1,100
Harrison,Pkwy,1,100
Hartford,Av,1,100
Harwick,Pl,1,100
Harwood,Dr,1,100
Haskell Cyn,Rd,1,100
Haskell Vista,Ln,1,100
Hasley Cyn,Rd,1,100
Hatari,Wy,1,100
Hathaway,Dr,1,100
Hatridge,Ln,1,100
Hawes,Wy,1,100
Hawkbryn,Av,1,100
Hawks Ridge,Dr,1,100
Hawks Ridge,Dr,1,100
Hawkset,St,1,100
Hawthorne,Pl,1,100
Haxton,Dr,1,100
Haycreek,Av,1,100
Hayes,Ct,1,100
Hayfork,Rd,1,100
Hayward,Dr,1,100
Hazel,St,1,100
Hazelcrest,Ln,1,100
Hearthside,Ct,1,100
Heartwood,Ct,1,100
Heather,Ln,1,100
Heather Knolls,Pl,1,100
Heather Ridge,Wy,1,100
Heather Vale,St,1,100
Heavenly,Wy,1,100
Heidi Jo,Ln,1,100
Heidi Jo,Ln,1,100
Heirloom,Pl,1,100
Helios,Ct,1,100
Heller,Cr,1,100
Helton,Dr,1,100
Hemingway,Av,1,100
Hemingway,Wy,1,100
Henley,Wy,1,100
Henry Mayo,Dr,1,100
Hercules,St,1,100
Heritage,Ln,1,100
Heritage Oak,Ct,1,100
Heritage View,Ln,1,100
Hermes,Ln,1,100
Heron,Ln,1,100
Herrera,St,1,100
Heywood,Dr,1,100
Hibiscus,Ct,1,100
Hickory,Ct,1,100
Hickory,Pl,1,100
Hidaway,Av,1,100
Hidaway,Av,1,100
Hidden Creek,Ln,1,100
Hidden Hills,Dr,1,100
Hidden Oak,Ct,1,100
Hidden Oak,Pl,1,100
Hidden Trl,Rd,1,100
Hidden Valley,Ct,1,100
Hideout,Ct,1,100
High Country,Ln,1,100
High Noon,Wy,1,100
High Point,Pl,1,100
High Ridge,Dr,1,100
High Sierra,Trl,1,100
Highfalls,St,1,100
Highland,Ct,1,100
Highland Glen,Dr,1,100
Highlands,Ln,1,100
Highplains,Ct,1,100
Highspring,Av,1,100
Hill,,1,100
Hillcrest,Pkwy,1,100
Hillcrest,Pl,1,100
Hillfield,Ln,1,100
Hills,Dr,1,100
Hillsboro,Pl,1,100
Hillsborough,Pkwy,1,100
Hillsfall,Ct,1,100
Hilltop,Ct,1,100
Hilo,Ct,1,100
Hilse,Ln,1,100
Hilton,Ct,1,100
Himalayan,Ct,1,100
Hipshot,Dr,1,100
Hob,Ct,1,100
Hog Farm,Rd,1,100
Hogan,Dr,1,100
Holiday,Cr,1,100
Holly,Ct,1,100
Holly,Dr,1,100
Holly Beach,Dr,1,100
Holly Ridge,Dr,1,100
Hollyhock,Ct,1,100
Hollyoak,Ct,1,100
Hollywood,Ct,1,100
Holmby,Ct,1,100
Holmes,Pl,1,100
Holms,Ct,1,100
Holt,Av,1,100
Holt Cyn,Rd,1,100
Homestead,Pl,1,100
Homry,Pl,1,100
Honby,Av,1,100
Honey Maple,St,1,100
Honeycomb,Dr,1,100
Honeysuckle Hill,Dr,1,100
Honiton,Av,1,100
Honnold,Dr,1,100
Honorine,Ct,1,100
Hood,Wy,1,100
Hope,Wy,1,100
Hope Cyn,Rd,1,100
Hopkins,Pl,1,100
Horseshoe,Cr,1,100
Horseshoe,Ln,1,100
Hot Box Cyn,Rd,1,100
Hot Springs,Av,1,100
Housman,Pl,1,100
Houston,Ct,1,100
Howard Marie,Ct,1,100
Huerta,Dr,1,100
Huffy,St,1,100
Hulsey,Ct,1,100
Hume Cyn,Rd,1,100
Hummingbird,Cr,1,100
Hunstock,Av,1,100
Hunter,Ln,1,100
Huntington,Ln,1,100
Huntswood,Ln,1,100
Hurcule,Wy,1,100
Husk,Av,1,100
Huston,St,1,100
Huxley,Dr,1,100
Hydrangea,Wy,1,100
Hyslo,Rd,1,100
Hyssop,Ln,1,100
Icy Willow,Ln,1,100
Ilana,Ln,1,100
Incline,Ln,1,100
Indian Wells,Cr,1,100
Indies,Ln,1,100
Industry,Dr,1,100
Infinity,Cr,1,100
Ingram,Ct,1,100
Innsbruck Point,Ct,1,100
Iris,Ct,1,100
Iris,Pl,1,100
Iron Cyn,Rd,1,100
Iron Horse,Pl,1,100
Ironshire,St,1,100
Ironstone,Dr,1,100
Ironwood,Dr,1,100
Ironwood,Ln,1,100
Irving,Ln,1,100
Isabella,Pkwy,1,100
Island,Rd,1,100
Island View,Ct,1,100
Ives,Ct,1,100
Ivrea,Pl,1,100
Ivy,Ln,1,100
Jacana,Ct,1,100
Jacaranda,Ln,1,100
Jackson,St,1,100
Jade,Ct,1,100
Jakes,Wy,1,100
Jakes,Wy,1,100
Janel,Av,1,100
Janzer,Ct,1,100
Jarana,Ct,1,100
Jasmine,Ln,1,100
Jasmine Valley,Dr,1,100
Jason,Dr,1,100
Jason,Dr,1,100
Jasper,Ct,1,100
Jasper,Wy,1,100
Jato,Rd,1,100
Jay Carroll,Dr,1,100
Jeffers,Ln,1,100
Jena,Dr,1,100
Jeniel,Ct,1,100
Jennifer,Ct,1,100
Jennifer,Pl,1,100
Jenny,Ct,1,100
Jerry,Pl,1,100
Jetty,Ln,1,100
Jimpson,Wy,1,100
Jodi,Pl,1,100
Joel,St,1,100
John Russell,Dr,1,100
Johnson,Rd,1,100
Johnson,Rd,1,100
Josel,Dr,1,100
Joseph Hooper,Dr,1,100
Joshua,Dr,1,100
Joyce,Pl,1,100
Judah,Ln,1,100
Judah Cr,Wy,1,100
Julia,Ln,1,100
Julianne,Ct,1,100
June Rose,Ct,1,100
Juneda,Dr,1,100
Juniper,Ct,1,100
Justamere,Av,1,100
Kahoolawe,,1,100
Kalb,Ct,1,100
Kalmar,Av,1,100
Kandi,Ct,1,100
Kansas,St,1,100
Karen,Ct,1,100
Karena,Av,1,100
Karie,Ln,1,100
Karns,Ct,1,100
Kashmir,Ct,1,100
Kathleen,Av,1,100
Katys,Ln,1,100
Kavenagh,Ln,1,100
Kay,Dr,1,100
Kearney,Dr,1,100
Keaton,St,1,100
Keats,Ln,1,100
Keepsake,Wy,1,100
Kelly,Ct,1,100
Kelly,Ln,1,100
Kelly Johnson,Pkwy,1,100
Kendall,Ln,1,100
Kenfel,Dr,1,100
Keningston,Rd,1,100
Kenneth,Pl,1,100
Kenny,Ln,1,100
Kenroy,Av,1,100
Kent,Ln,1,100
Kenton,Ln,1,100
Kenwood,Av,1,100
Kerry Robin,Dr,1,100
Kesley,St,1,100
Kessler,Ct,1,100
Kestral,Dr,1,100
Kevin,Pl,1,100
Kevin,Wy,1,100
Key,Ct,1,100
Kilamanjaro,Ct,1,100
Kim,Ln,1,100
Kimbrough,St,1,100
Kimmore,Ter,1,100
Kinglet,Pl,1,100
Kings Cyn,Ln,1,100
Kingscrest,Dr,1,100
Kingston,Pl,1,100
Kipling,Pl,1,100
Kirby,Ct,1,100
Kirsch,Ct,1,100
Kirstengary,Wy,1,100
Kitfox,Pl,1,100
Klamath,Ct,1,100
Klevins,Ct,1,100
Knight,St,1,100
Knochaven,Dr,1,100
Knoll,Ct,1,100
Knoll,Ct,1,100
Knollwood,Ln,1,100
Knudsen,Pkwy,1,100
Koji,Ct,1,100
Kotler,Ct,1,100
Kristin,Ln,1,100
Kristine,Ct,1,100
Kyra,Ct,1,100
La Glorita,Cr,1,100
La Gosta,Pl,1,100
La Granja,Dr,1,100
La Madrid,Dr,1,100
La Montura,Dr,1,100
La Palma,Ct,1,100
La Rochelle,Dr,1,100
La Salle Cyn,Dr,1,100
La Veda,Av,1,100
La Veda,Av,1,100
La Veda,Av,1,100
La Vita,Ct,1,100
Label,Av,1,100
Lacomb,Dr,1,100
Ladley,Ct,1,100
Lady Linda,Ln,1,100
Laguna,Ct,1,100
Lahaina,,1,100
Lake Crest Cyn,,1,100
Lake Hughes,Rd,1,100
Lakecrest,Av,1,100
Lakehills,Rd,1,100
Lakehurst,Av,1,100
Lakehurst,Av,1,100
Lakemore,Dr,1,100
Lakeside,Rd,1,100
Lakeview,Wy,1,100
Lakeview Cove,,1,100
Lamberton,Pl,1,100
Lampara,Dr,1,100
Lamplight,Pl,1,100
Lancebrook,Dr,1,100
Landmark,Wy,1,100
Landon,Pl,1,100
Lane,Ct,1,100
Lanesboro,Pl,1,100
Lanfranca,Dr,1,100
Lang Station,Rd,1,100
Langley,Pl,1,100
Langside,Av,1,100
Langside,Av,1,100
Langston,St,1,100
Lanview,Ln,1,100
Lapine,Av,1,100
Laplante,Wy,1,100
Larbert,St,1,100
Largo,Rd,1,100
Lark,Wy,1,100
Larkhaven,Pl,1,100
Larkmain,Dr,1,100
Larkspur,Ct,1,100
Larkspur,Wy,1,100
Larkspur Field,St,1,100
Laroda,Ln,1,100
Larres Cyn,Rd,1,100
Las Brisas,Rd,1,100
Las Canasta,Dr,1,100
Las Lanas,Ct,1,100
Las Mananitas,Dr,1,100
Las Palmas,Ct,1,100
Las Palmas,St,1,100
Las Positas,Wy,1,100
Las Terreno,Ln,1,100
Las Tunas,Trl,1,100
Lassen,St,1,100
Latana,Ct,1,100
Laurel,Ct,1,100
Laurel,Pl,1,100
Laurel Creek,Cr,1,100
Laurel Glen,Cr,1,100
Laurel Oak,Ct,1,100
Laurelcrest,Ln,1,100
Laurelwood,Ln,1,100
Lauren,Ln,1,100
Lavender,Pl,1,100
Lawnside,Dr,1,100
Lawrence,,1,100
Lea,Ct,1,100
Leaf Spring,Ct,1,100
Lee,Ct,1,100
Leigh,Ct,1,100
Lema,Dr,1,100
Lemon,St,1,100
Lennon,Ct,1,100
Lenny,St,1,100
Leonard Tree,Ln,1,100
Leong,Ct,1,100
Leticia,Dr,1,100
Lewendo,Ct,1,100
Lewis,Wy,1,100
Lexington,Dr,1,100
Liana,Ln,1,100
Lilac,Ct,1,100
Lillyglen,Dr,1,100
Lilyfield,Ln,1,100
Lincoln,Av,1,100
Linda,Ln,1,100
Linda Joyce,Dr,1,100
Linda Vista,St,1,100
Linda Vista,St,1,100
Lindale,Pl,1,100
Linden,Ln,1,100
Lindsay Cyn,Rd,1,100
Linnet,Ct,1,100
Lisa,St,1,100
Lisa Gail,Dr,1,100
Lisa Kelton,Pl,1,100
Lise,Ln,1,100
Little Cedar,Wy,1,100
Little Falls,Ct,1,100
Little Oak,Ln,1,100
Little Tujunga,Rd,1,100
Littlefield,Dr,1,100
Littleton,Wy,1,100
Live Oak,Cr,1,100
Live Oak,Rd,1,100
Live Oak Springs Cyn,Rd,1,100
Liverpool,Ct,1,100
Livery,Wy,1,100
Livingston,Av,1,100
Lloyd Houghton,Pl,1,100
Lobelia,Ln,1,100
Lochmoor,Rd,1,100
Locust Ridge,Cr,1,100
Lodestar,Dr,1,100
Logdell,Av,1,100
Lola,Ln,1,100
Loma Verde Motor,Wy,1,100
Lomita,Dr,1,100
London,Pl,1,100
London,Pl,1,100
Lone Rock,Ct,1,100
Lone Rock,St,1,100
Lone Rock,St,1,100
Lone Star,Wy,1,100
Loneoak,Ct,1,100
Lonestar,Pl,1,100
Long Oak,Dr,1,100
Longfellow,Pl,1,100
Lookout,Rd,1,100
Loop,Av,1,100
Lorenzo,Ln,1,100
Loretta,Ln,1,100
Lorikeet,Ln,1,100
Lorita,Ln,1,100
Lorjen,Rd,1,100
Los Altos,Dr,1,100
Los Arqueros,Dr,1,100
Los Encinos,Dr,1,100
Los Pinetos,Rd,1,100
Los Pinetos Water Tank,Rd,1,100
Los Rogues,Dr,1,100
Los Tigres,Dr,1,100
Lost Creek,Rd,1,100
Lost Cyn,Rd,1,100
Lost Springs,Rd,1,100
Lotus Petal,Ct,1,100
Lotusgarden,Dr,1,100
Loudon,Ct,1,100
Louis,Av,1,100
Lovage,Ct,1,100
Lowridge,Pl,1,100
Lowridge,Rd,1,100
Lucerne,Ct,1,100
Lucille,Ct,1,100
Lucy,Ct,1,100
Lugar De Oro,Dr,1,100
Lupine,St,1,100
Lupita,Dr,1,100
Lurie,Ct,1,100
Luss,Dr,1,100
Luther,Dr,1,100
Luzon,Dr,1,100
Lynette,Ln,1,100
Lynham,Pl,1,100
Lynne,Ct,1,100
Lyons,Av,1,100
Lyons Ranch,Rd,1,100
Lytle,Ct,1,100
Maben,Av,1,100
Mac Millan Ranch,Rd,1,100
Mackenzie,Wy,1,100
Macklin,Av,1,100
Mad,Rd,1,100
Madeira,Ln,1,100
Madigan,Dr,1,100
Madison,St,1,100
Madison,Wy,1,100
Madloy,St,1,100
Madrazo,Ln,1,100
Pl,,1,100
Magdalena,Dr,1,100
Maged,Ct,1,100
Magic Mtn,Ln,1,100
Magic View,Pl,1,100
Magnolia,Dr,1,100
Magnolia,Ln,1,100
Magnolia,Pl,1,100
Magnolia,Wy,1,100
Magnolia Glen,Dr,1,100
Mahogany,Ct,1,100
Mahogany,ROW,1,100
Main,St,1,100
Maitland,Ln,1,100
Majestic,Ct,1,100
Maldonado,Pl,1,100
Mallorca,Pl,1,100
Mallory,Dr,1,100
Mallow,Ct,1,100
Malmo,Rd,1,100
Mammoth,Ln,1,100
Manchester,Wy,1,100
Mandalay,Rd,1,100
Mandan,St,1,100
Mandarin,Ln,1,100
Mandel,Ct,1,100
Mandera,Ct,1,100
Manor,Cr,1,100
Mansfield,Ct,1,100
Manzanita,Ln,1,100
Manzanita,Ln,1,100
Manzano,Ct,1,100
Maple,St,1,100
Maple Ridge,Cr,1,100
Maple Tree,Ct,1,100
Maplebay,Ct,1,100
Maplehurst,Pl,1,100
Mapleleaf,Ct,1,100
Marabou,Pl,1,100
Maravilla,Ct,1,100
Marcasite,Ln,1,100
Marchland,Av,1,100
Marci,Wy,1,100
Marcia,Dr,1,100
Mariam,Pl,1,100
Maricio,Dr,1,100
Mariel,Wy,1,100
Marigold,Cr,1,100
Marilyn,Dr,1,100
Marilyn,Dr,1,100
Marina,Ct,1,100
Marina Point,Ln,1,100
Mariner,Wy,1,100
Marion,Wy,1,100
Mariposa,Ln,1,100
Mariposa,Pl,1,100
Mariposa,St,1,100
Marisa,Dr,1,100
Mariscal,Rd,1,100
Marjoram,Ct,1,100
Markel,Dr,1,100
Market,St,1,100
Market,St,1,100
Market,St,1,100
Marlewood Point,Ct,1,100
Marlowe,Ct,1,100
Maroge,Cr,1,100
Marques,Dr,1,100
Marquis,Ct,1,100
Marriott,Wy,1,100
Marsala,Dr,1,100
Marseille,Pl,1,100
Marshall,Wy,1,100
Marston,Ct,1,100
Marta,Ln,1,100
Martellus,Dr,1,100
Martino,Ct,1,100
Marvin,Av,1,100
Marzal,St,1,100
Mason,Ct,1,100
Masters Cup,Wy,1,100
Masterson,Ct,1,100
Masterson,Ct,1,100
Matador,Pl,1,100
Matana,Dr,1,100
Matel,Rd,1,100
Mathilde,Ln,1,100
Matisse,Ln,1,100
Matthew,Pl,1,100
Mauch,St,1,100
Maximum,Rd,1,100
Maxine,Ln,1,100
May,Wy,1,100
Mayfair,Dr,1,100
Mayfare,St,1,100
Mc Bean,Pkwy,1,100
Mc Keon,Wy,1,100
Meadbury,Dr,1,100
Meadow,Dr,1,100
Meadow,Ln,1,100
Meadow Heights,Ct,1,100
Meadowbrook,Ln,1,100
Meadowcreek,Rd,1,100
Meadowgrass,Dr,1,100
Meadowlark,Ct,1,100
Meadowmont,St,1,100
Meadowridge,Dr,1,100
Meadstone,Rd,1,100
Meadview,Av,1,100
Meaford,Av,1,100
Mecate,Dr,1,100
Medford,Pl,1,100
Medici,Ct,1,100
Medlar,Dr,1,100
Medley Ridge,Dr,1,100
Megan,Ct,1,100
Melia,Wy,1,100
Melisa,Ct,1,100
Melissa,Ln,1,100
Ln,,1,100
Melt Pour,,1,100
Melville,Ct,1,100
Memory,Ln,1,100
Mendenhall Truck,Trl,1,100
Mendoza,Dr,1,100
Mentry,Dr,1,100
Mentry,,1,100
Meraweather,Pl,1,100
Meriden,Pl,1,100
Merryhill,St,1,100
Mesa,Ct,1,100
Mesa,Dr,1,100
Mesa Of The Oaks,,1,100
Mesa Verde,Dr,1,100
Mesquite,Ct,1,100
Michael,Ln,1,100
Michael Crest,Dr,1,100
Midas,Ln,1,100
Middlebank,Dr,1,100
Middleton,Ln,1,100
Midtown,Ct,1,100
Miguel,Ct,1,100
Mikelyn,Rd,1,100
Mikhail,St,1,100
Milano,Ln,1,100
Milbrook,Pl,1,100
Milestone,St,1,100
Mill Valley,Rd,1,100
Millford,Ct,1,100
Millhouse,Dr,1,100
Milliken,Dr,1,100
Millmeadow,Rd,1,100
Millridge,Dr,1,100
Millston,Ct,1,100
Millstream,Dr,1,100
Minaret,Ct,1,100
Minneola,Ln,1,100
Minter,Ct,1,100
Mira Vista,St,1,100
Mirabelle,Ln,1,100
Mirabile,Ct,1,100
Mirada Circulo,,1,100
Mirasol,St,1,100
Mirror,Wy,1,100
Miss Grace,Dr,1,100
Mission Puebla,,1,100
Mission Trl,Ln,1,100
Mist,Ct,1,100
Mistletoe,Ct,1,100
Misty Ridge,Pl,1,100
Mitchell,Pl,1,100
Mixer,Rd,1,100
Mocha,Dr,1,100
Mockingbird,Ct,1,100
Mockingbird,Ln,1,100
Molokai,,1,100
Monakea,,1,100
Monarch Ridge,Dr,1,100
Monet,Ln,1,100
Monroe,St,1,100
Montana,Wy,1,100
Montecito,Pl,1,100
Montecito,Wy,1,100
Monterey,Av,1,100
Monterey,Ct,1,100
Monterey Pines,Ln,1,100
Montevista,Cr,1,100
Montolla,Ln,1,100
Montura,Dr,1,100
Moon Dust,Ct,1,100
Moonlight,Pl,1,100
Moonridge,Ln,1,100
Moore,Ln,1,100
Moorhen,Ct,1,100
More,Ct,1,100
Moreno,Dr,1,100
Moriah,Ln,1,100
Morning Glory,Pl,1,100
Morning Mist,Dr,1,100
Morning Star,Wy,1,100
Morningside,Dr,1,100
Mornington,Dr,1,100
Morrissey,Wy,1,100
Morro Bay,Dr,1,100
Motor,St,1,100
Mountain,Ln,1,100
Mountain Dale,Ct,1,100
Mountain Pass,Rd,1,100
Mountain Pk,Rd,1,100
Mountain Willow,Ln,1,100
Mt Stephen,Av,1,100
Muir,Trl,1,100
Muir Grove,Pl,1,100
Muirfield,Dr,1,100
Mulberry Glen,Dr,1,100
Muledeer,Ln,1,100
Mums,Dr,1,100
Mums Meadow,Ct,1,100
Mustang,Dr,1,100
Myers,Pl,1,100
Myrin,Ct,1,100
Myrtle,Wy,1,100
Mystery,Dr,1,100
Nadal,St,1,100
Nadal,St,1,100
Nadeu Motor,Wy,1,100
Nahin,Ln,1,100
Nancy,Pl,1,100
Nandina,Ln,1,100
Nantucket,St,1,100
Napa,Ct,1,100
Napa,Dr,1,100
Narcissus Crest,Av,1,100
Nares,Dr,1,100
Nashua,Wy,1,100
Nasturtium,Dr,1,100
Natalie,Ln,1,100
Natalie,Wy,1,100
Nathan Hill,Rd,1,100
Nautical,Ln,1,100
Navajo,Ct,1,100
Nearbrook,St,1,100
Nearbrook,St,1,100
Neargate,Dr,1,100
Nearview,Dr,1,100
Nearview,Dr,1,100
Neblina,Ct,1,100
Neely,St,1,100
Neff,Ct,1,100
Nelliemay,Ln,1,100
Ness,Dr,1,100
Nestor,Ct,1,100
Neuraschel,St,1,100
Nevette,Ct,1,100
Newacre,Rd,1,100
Newbird,Dr,1,100
Newbird,Dr,1,100
Newcastle,Ct,1,100
Newfield,Ct,1,100
Newhall,Av,1,100
Newhall Ranch,Rd,1,100
Newhouse,St,1,100
Newhouse,St,1,100
Newport,Pl,1,100
Newton,Ct,1,100
Nicholas,Cr,1,100
Nichols,Ln,1,100
Nickie,Ln,1,100
Nicklaus,Dr,1,100
Nido,Ct,1,100
Nield,Ct,1,100
Nightingale,Ct,1,100
Nihav,,1,100
Nike,Ln,1,100
Nirvana,Ln,1,100
Noble Fir,Ct,1,100
Noelle,Wy,1,100
Nolte,Ct,1,100
Norfork,Pl,1,100
Norland,Rd,1,100
North Dakota,Dr,1,100
Av,,1,100
Northbrooke,Ln,1,100
Northcliff,Dr,1,100
Northfield,Ct,1,100
Northpark,Dr,1,100
Norton,Dr,1,100
Norwood,Pl,1,100
Nottingham,Ct,1,100
Novela,Wy,1,100
Nugget,Dr,1,100
Nurenburg,Rd,1,100
Nutcracker,Ct,1,100
Nutmeg,Ln,1,100
O Casey,Pl,1,100
O Hara,Ln,1,100
O Hare,Ct,1,100
O Neill,Cr,1,100
Oak,Av,1,100
Oak,Cr,1,100
Oak,Dr,1,100
Oak,Ln,1,100
Oak,St,1,100
Oak Bluff,Rd,1,100
Oak Branch,Cr,1,100
Oak Crossing,Rd,1,100
Oak Cyn,Rd,1,100
Oak Cyn,Rd,1,100
Oak Garden,Ct,1,100
Oak Highland,Dr,1,100
Oak Hill,Ct,1,100
Oak Leaf,Ct,1,100
Oak Meadow,Dr,1,100
Oak Orchard,Rd,1,100
Oak Plain,Dr,1,100
Oak Plaza,Ct,1,100
Oak Pluma,Ct,1,100
Oak Ridge,Dr,1,100
Oak Savannah,Ct,1,100
Oak Spring Cyn,Rd,1,100
Oak Spring Cyn,Rd,1,100
Oak Ter,Pl,1,100
Oak Vale,Dr,1,100
Oak Valley,Rd,1,100
Oak View,Ct,1,100
Oak View,Ln,1,100
Oakbar,Ct,1,100
Oakbridge,Ln,1,100
Oakbrook,Ct,1,100
Oakcreek,Av,1,100
Oakdale Cyn,Ln,1,100
Oakflat,Ct,1,100
Oakforest,Ln,1,100
Oakgale,Av,1,100
Oakgale,Av,1,100
Oakhorn,Av,1,100
Oakhurst,Dr,1,100
Oakland,Ct,1,100
Oaklar,Dr,1,100
Oakleaf Cyn,Dr,1,100
Oakmall,Ln,1,100
Oakmont,Dr,1,100
Oakmoor,St,1,100
Oakridge,Rd,1,100
Oakriver,Ln,1,100
Oakrun,Ln,1,100
Oakside,Ct,1,100
Oakspur,Dr,1,100
Oaktree,Pl,1,100
Oakview Estates,Dr,1,100
Oakwell,Rd,1,100
Oakwood,Av,1,100
Oceana,Ct,1,100
Odl Creek,Wy,1,100
Old Adobe,Ln,1,100
Old Coach,Ct,1,100
Old Course,Wy,1,100
Old Friend,Rd,1,100
Old Rock,Rd,1,100
Old Spanish,Trl,1,100
Old Stone,Wy,1,100
Oleander,Ct,1,100
Oliva,Ct,1,100
Olivas Pk,Rd,1,100
Olive,Av,1,100
Olive Mill,Ct,1,100
Oliver,Wy,1,100
Olympian,Ct,1,100
Olympic,St,1,100
Olympic Crest,Dr,1,100
Onlee,Av,1,100
Onyx,Ln,1,100
Opal,Ln,1,100
Open Crest,Dr,1,100
Orchard,St,1,100
Orchard Village,Rd,1,100
Orchid Cove,Dr,1,100
Ordco,St,1,100
Oregano,Cr,1,100
Oriole,Ct,1,100
Orion,Ln,1,100
Orion,Ln,1,100
Oro Fino Motor,Wy,1,100
Orrente,Ln,1,100
Av,,1,100
Osage Ridge,Rd,1,100
Owen,Ct,1,100
Owl,Ct,1,100
Oxford,Ln,1,100
Pacifica,Ct,1,100
Pacoima Cyn Truck,Trl,1,100
Pacy,St,1,100
Pad,Ct,1,100
Paige,Pl,1,100
Paine,Cr,1,100
Paine,,1,100
Pajarito,Ct,1,100
Palacete,Dr,1,100
Palermo,Wy,1,100
Palm,Ct,1,100
Palma Alta,Dr,1,100
Palmetto Ridge,Rd,1,100
Palo Solo Motor,Wy,1,100
Palo Verde,Dr,1,100
Palo Verde,Pl,1,100
Palomino,Pl,1,100
Palomino,Wy,1,100
Palomita,Dr,1,100
Pam,Ct,1,100
Pamela,Dr,1,100
Pamplico,Dr,1,100
Pamplico,Dr,1,100
Pamplico,Dr,1,100
Pandy,Ct,1,100
Panorama,Ct,1,100
Pansy,Ct,1,100
Pantina,,1,100
Paolino,Pl,1,100
Papazian,Ct,1,100
Parada,Dr,1,100
Paradise,Rd,1,100
Paradise Ranch,Rd,1,100
Paragon,Dr,1,100
Paragon,Dr,1,100
Paraguay,Dr,1,100
Parasol,Pl,1,100
Parchman,Av,1,100
Paris,Ln,1,100
Park,Ln,1,100
Park,St,1,100
Park Meadow,Dr,1,100
Park View,Rd,1,100
Park Vista,Dr,1,100
Park Woodland,Pl,1,100
Parker,Av,1,100
Parker,Rd,1,100
Parkglen,Pl,1,100
Parklane,Wy,1,100
Parkridge,Ln,1,100
Parkvale,Dr,1,100
Parkview,Dr,1,100
Parkwood,Ln,1,100
Parma,Ct,1,100
Partridge,Dr,1,100
Parvin,Dr,1,100
Pasala,Ct,1,100
Paseo Bonito,,1,100
Paseo De Castaic,,1,100
Paseo Del Caliente,,1,100
Paseo Del Rancho,Dr,1,100
Paseo Feliz,,1,100
Paseo Lauro,Ct,1,100
Paseo Terraza,,1,100
Pashley,St,1,100
Patricia,Pl,1,100
Patricia Hill,Dr,1,100
Pauline,Ct,1,100
Peach,Ct,1,100
Peach,Rd,1,100
Peach Mtn,Wy,1,100
Peachland,Av,1,100
Peacock,Pl,1,100
Peajay,Wy,1,100
Pear,Ct,1,100
Pearson,Ct,1,100
Peary,Dr,1,100
Pebble Beach,Dr,1,100
Pebble Ridge,Pl,1,100
Pecan,Pl,1,100
Pecos,Ct,1,100
Peerless Bluff,Ct,1,100
Peggy Joyce,Ln,1,100
Pelham,Pl,1,100
Pelton,St,1,100
Pembrook,Pl,1,100
Pena,Rd,1,100
Penlon,Rd,1,100
Penn,,1,100
Penrose,Ln,1,100
Penstock,Dr,1,100
Penwood,Wy,1,100
Pepper,Pl,1,100
Peppercorn,Dr,1,100
Pepperidge,Dr,1,100
Peppermint,Ln,1,100
Peppertree,Dr,1,100
Peridot,Wy,1,100
Periwinkle,Ln,1,100
Perlman,Pl,1,100
Persimmon,Ln,1,100
Petrel,Ct,1,100
Phantom,Trl,1,100
Pheasant,Ct,1,100
Philbrook,Av,1,100
Phosphorous,Rd,1,100
Photoflash,Rd,1,100
Piazza Di Sarro,,1,100
Picadilly,Pl,1,100
Pickford,Pl,1,100
Pico Cyn,Rd,1,100
Piedros,Dr,1,100
Pierpont,Ct,1,100
Pietro,Dr,1,100
Pike,Ln,1,100
Pilgrim,Ct,1,100
Pin,Ct,1,100
Pine,St,1,100
Pine,St,1,100
PIne,St,1,100
Pine,St,1,100
Pine Cliff,Pl,1,100
Pine Cove,Cr,1,100
Pine Crest,Pl,1,100
Pine Hills,Av,1,100
Pine Hills,Av,1,100
Pine Hollow,Ct,1,100
Pine Oak,Pl,1,100
Pine Valley,Dr,1,100
Pinebank,Dr,1,100
Pinecone,Pl,1,100
Pinedale,Pl,1,100
Pinehurst,Dr,1,100
Pineview,Rd,1,100
Pinewood,Ct,1,100
Pink Pansy,Ct,1,100
Pinksand,Rd,1,100
Pinnacle,Ct,1,100
Pinto,Pl,1,100
Pioneer Hill,Ct,1,100
Pipit,Ct,1,100
Piute,Ct,1,100
Placerita Cyn,Rd,1,100
Placerita Mtn,Wy,1,100
Placeritos,Blvd,1,100
Placerview,Trl,1,100
Plane Tree,Ln,1,100
Plantation,Ct,1,100
Platina,Dr,1,100
Platinum,Ct,1,100
Platt,Ct,1,100
Playa Hermosa,,1,100
Playa Serena,Dr,1,100
Player,Dr,1,100
Plaza Chiva,,1,100
Plaza De Oro,,1,100
Plaza Escovar,,1,100
Plaza Gavilan,,1,100
Plaza Larios,,1,100
Plaza Luneta,,1,100
Pleasantdale,St,1,100
Pleasantdale,St,1,100
Plum Cyn,Rd,1,100
Plum Cyn,Rd,1,100
Plum Cyn Fire,Rd,1,100
Plumwood,Av,1,100
Plymouth,Rd,1,100
Pocahantas,Av,1,100
Podd,Ct,1,100
Poe,Pkwy,1,100
Poe,Pkwy,1,100
Point Arena,Ct,1,100
Polson,Ln,1,100
Pomita,Pl,1,100
Ponderosa,St,1,100
Ponte Corvo,Rd,1,100
Pope,Pl,1,100
Poplar,St,1,100
Poplar Glen,Cr,1,100
Poplar Point,Ln,1,100
Poppy Meadow,St,1,100
Poppyseed,Ln,1,100
Portana,Ln,1,100
Ln,,1,100
Posada,Dr,1,100
Poseidon,Ln,1,100
Potrero,Rd,1,100
Potrero Cyn,Rd,1,100
Potrero Cyn,Rd,1,100
Potrero Cyn,Rd,1,100
Potreto,Rd,1,100
Potter,Pl,1,100
Powell,Dr,1,100
Powell,Dr,1,100
Power Line,Rd,1,100
Prairie,Ln,1,100
Presidio,,1,100
Preston,Wy,1,100
Primavera,,1,100
Primrose,Dr,1,100
Primrose,Ln,1,100
Private,Dr,1,100
Promontory,Ln,1,100
Providence,Ct,1,100
Pueblo,Dr,1,100
Puffin,Pl,1,100
Purple Martin,Ct,1,100
Pyramid Peak,Dr,1,100
Quail,Trl,1,100
Quail Creek,Ct,1,100
Quail Haven,Trl,1,100
Quail Oaks,Dr,1,100
Quail Valley,Rd,1,100
Quartz,Ln,1,100
Quartz Mesa,Ln,1,100
Quezada,Wy,1,100
Quigley,Rd,1,100
Quigley Cyn,Rd,1,100
Quilla,Rd,1,100
Quincy,St,1,100
Quinn,Pl,1,100
Race,St,1,100
Race,St,1,100
Racquet Club,Ct,1,100
Radbrook,Pl,1,100
Radclay,St,1,100
Radfall,Ct,1,100
Ragosa,Ct,1,100
Railroad,Av,1,100
Railroad,Av,1,100
Railroad Motor,Wy,1,100
Rainbow,Dr,1,100
Rainbow Glen,Dr,1,100
Rainbow Glen,Dr,1,100
Raindance,Pl,1,100
Rainier,Rd,1,100
Raintree,Ln,1,100
Raleigh,Ln,1,100
Ramada,Dr,1,100
Ramillo,Wy,1,100
Ramli,Dr,1,100
Rana,Dr,1,100
Rancho,Ct,1,100
Rancho Adobe,Rd,1,100
Rancho Tesoro,Dr,1,100
Rangewood,Rd,1,100
Ranier,St,1,100
Ranier,St,1,100
Ranney House,Ct,1,100
Raquel,Ln,1,100
Raven Glen,Rd,1,100
Ravenhill,Rd,1,100
Rawlings,Cr,1,100
Ray,Ct,1,100
Reade,Pl,1,100
Real,Ct,1,100
Red Bud,Pl,1,100
Red Cedar,Pl,1,100
Red Cedar,Wy,1,100
Red Maple,Ct,1,100
Red Oak,Ct,1,100
Red Oak,Ct,1,100
Red Pine,Ct,1,100
Red Pine,Wy,1,100
Red Rock,Ct,1,100
Redbluff,Ct,1,100
Redbud Ridge,Cr,1,100
Redhawk,Pl,1,100
Redstart,Ct,1,100
Redwood,Ct,1,100
Redwood,Wy,1,100
Redwood Bluff,Ln,1,100
Redwood Cyn,Ln,1,100
Redwood Cyn,Pl,1,100
Redwood Cyn,Pl,1,100
Redwood Glen,Rd,1,100
Refinery,Rd,1,100
Refinery,Rd,1,100
Regents Pk,Cr,1,100
Remer,Ct,1,100
Remington,Rd,1,100
Remsen,St,1,100
Rene Veluzat,Wy,1,100
Renoir,Ln,1,100
Renwick,Ct,1,100
Reservoir,Rd,1,100
Reunion,Ct,1,100
Rex,Ct,1,100
Rexford,Pl,1,100
Reyburn,Pl,1,100
Reyes Adobe,Wy,1,100
Rhododendron,Dr,1,100
Rhona,Pl,1,100
Ricki,Ct,1,100
Ridge,Rd,1,100
Ridge Rte,Rd,1,100
Ridge Top,Ln,1,100
Ridge Vale,Dr,1,100
Ridge View,Dr,1,100
Ridgecrest,Ct,1,100
Ridgefield,Ct,1,100
Ridgegrove,Dr,1,100
Ridgeway,Ct,1,100
Rigel,Dr,1,100
Riley,St,1,100
Riley,,1,100
Rim Rock,Ct,1,100
Rio Bosque,Dr,1,100
Rio Bueno,Ct,1,100
Rio Chico,Dr,1,100
Rio Clara,Dr,1,100
Rio Garza,Dr,1,100
Rio Gusto,Ct,1,100
Rio Lobo,Wy,1,100
Rio Norte,Dr,1,100
Rio Pecos,Dr,1,100
Rio Prado,Dr,1,100
Rio Ranch,Wy,1,100
Rio Reyes,Ct,1,100
Rio Tajo,Ct,1,100
River,Cr,1,100
River Birch,Ct,1,100
River Trl,Ln,1,100
Riverchase,Dr,1,100
Riverdale,Pl,1,100
Riverrock,Wy,1,100
Riversbridge,Wy,1,100
Riverside,Ln,1,100
Riverstream,Ct,1,100
Riverview,Ln,1,100
Riverview,Rd,1,100
Riverwalk,Ln,1,100
Road Runner,Rd,1,100
Rob Roi,Ct,1,100
Robert C Lee,Pkwy,1,100
Robin,Av,1,100
Robin,Av,1,100
Robin Crest,Ct,1,100
Robindale,Pl,1,100
Robinson Ranch,Rd,1,100
Robinsong,Dr,1,100
Rock Creek,Dr,1,100
Rock Cyn,Dr,1,100
Rock Rose,Ln,1,100
Rocket,Rd,1,100
Rockgrove,Av,1,100
Rockport,Wy,1,100
Rockridge,Ct,1,100
Rockwell Cyn,Rd,1,100
Rockwell Cyn,Rd,1,100
Rocky,Ct,1,100
Rocky Mtn,Ct,1,100
Rodeffer,Pl,1,100
Rodgers,Dr,1,100
Rodin,Ln,1,100
Rogue,Wy,1,100
Roland,Wy,1,100
Rolla,Rd,1,100
Rolling Greens,Wy,1,100
Rolling Hills,Av,1,100
Rolling Hills,Ln,1,100
Rolling Ridge,Dr,1,100
Roman,Ct,1,100
Romar,Ln,1,100
Romeo Cyn,Rd,1,100
Romero Cyn,Rd,1,100
Romero Sloan Cutoff,,1,100
Ron Ridge,Dr,1,100
Roosevelt,Av,1,100
Rosa,Ln,1,100
Rosamond,Dr,1,100
Rose Ct,Dr,1,100
Rose Cyn,Ln,1,100
Rose Cyn,Ln,1,100
Rose Lee,Ct,1,100
Rose Mallow,Ln,1,100
Rosedell,Dr,1,100
Rosehaven,Ln,1,100
Rosemont,Ln,1,100
Rosepark,Ct,1,100
Rosette,Dr,1,100
Roswell,Ct,1,100
Rotunda,Rd,1,100
Row,Ct,1,100
Roy,Dr,1,100
Royal,Rd,1,100
Royal Oaks,Dr,1,100
Royal Pine,Ln,1,100
Royal Vista,Ct,1,100
Ruby,Ln,1,100
Ruby Clearwater Fire,Rd,1,100
Rue Crevier,,1,100
Rue Daniel,,1,100
Rue Entree,,1,100
Ruether,Av,1,100
Rumpole,Ct,1,100
Runner,Rd,1,100
Running Horse,Rd,1,100
Rupert,Ln,1,100
Rush Cyn Truck,Trl,1,100
Rushmore,Ct,1,100
Russ Jay,St,1,100
Russell,Ln,1,100
Rustico,Ct,1,100
Rutherford,Pl,1,100
Ruthspring,Dr,1,100
Ryan,Ln,1,100
Rye Cyn,Rd,1,100
Sabado,Ct,1,100
Sack,Ct,1,100
Sack Junior,Ln,1,100
Saddle Peak,Trl,1,100
Saddleback,Rd,1,100
Saddleback Ridge,Rd,1,100
Saddleback Ridge,Rd,1,100
Saddleridge,Wy,1,100
Saffron,Ln,1,100
Sag Harbor,Ct,1,100
Sagebrush,Wy,1,100
Sagecrest,Cr,1,100
Sagecrest,Wy,1,100
Sageview,Ct,1,100
Saguaro,St,1,100
Salceda,Rd,1,100
Salem,Ct,1,100
Salinger,Ln,1,100
Sally,Rd,1,100
Salt Creek,Rd,1,100
Salt Cyn,Rd,1,100
Sam,Pl,1,100
Samantha,Ct,1,100
Samual,Dr,1,100
San Clemente,Dr,1,100
San Francisquito Cyn,Rd,1,100
San Francisquito Motor,Wy,1,100
San Francisquito Motor,Wy,1,100
San Leandro,Dr,1,100
San Marino,Ct,1,100
San Martinez,Rd,1,100
San Martinez Grande Cyn,Rd,1,100
San Rafael,Dr,1,100
San Remo,Pl,1,100
San Ysidro,Av,1,100
Sand Cyn,Rd,1,100
Sand Cyn,Rd,1,100
Sand Cyn,Rd,1,100
Sand Cyn - Even Numbers,Rd,1,100
Sand Cyn - Odd Numbers,Rd,1,100
Sand Wedge,Ln,1,100
Sandalia,Dr,1,100
Sandburg,Pl,1,100
Sandburn,Ln,1,100
Sandhill,Av,1,100
Sandpiper,Pl,1,100
Sandstone,Ct,1,100
Sandy,Dr,1,100
Sandy,Dr,1,100
Sandyoak,Ln,1,100
Sanford,Wy,1,100
Santa Catarina,Rd,1,100
Santa Clara,St,1,100
Santa Clara Truck,Trl,1,100
Santa Clara Truck,Trl,1,100
Santa Clarita,Pkwy,1,100
Santa Clarita,Pkwy,1,100
Santa Clarita,Rd,1,100
Santa Clarita,Rd,1,100
Santa Maria,Dr,1,100
Santa Rosa,Ln,1,100
Santa Susana,Dr,1,100
Santa Ynez,Wy,1,100
Sapphire,Ln,1,100
Sara,St,1,100
Sarabande,Ln,1,100
Sarape,Ct,1,100
Saratoga,Wy,1,100
Sarda,Rd,1,100
Sardinia,Ct,1,100
Sargasso,Ct,1,100
Sarita,Av,1,100
Sark,Pl,1,100
Sarkis,Ct,1,100
Sarro,,1,100
Sarvistree,Ct,1,100
Sassafras,Ct,1,100
Sassoon,Pl,1,100
Satinwood,Dr,1,100
Satsuma,Cr,1,100
Saul,Ct,1,100
Savory,Pl,1,100
Sawmill,Ln,1,100
Scallion,Dr,1,100
Scarlet Meadow,Dr,1,100
Scepter,Ln,1,100
Scherzinger,Ln,1,100
Schrey,Pl,1,100
Schubert,Cr,1,100
Scotch Pine,Pl,1,100
Scott,Ln,1,100
Sea Cove,Ln,1,100
Sea Grit,Av,1,100
Seasoned,Rd,1,100
Seaver,Ct,1,100
Seco Cyn,Rd,1,100
Seco Cyn,Rd,1,100
Seco Cyn,Rd,1,100
Sedgewick,Ct,1,100
Sedona,Dr,1,100
Sedona,Wy,1,100
Seep Willow,Wy,1,100
Selene,Ct,1,100
Sena,Ct,1,100
Sequoia,Ct,1,100
Sequoia,Rd,1,100
Sequoia Glen,Dr,1,100
Serena,Dr,1,100
Serra,Ln,1,100
Serrano,Pl,1,100
Servia,Dr,1,100
Servilla,Pl,1,100
Seurat,Ln,1,100
Shadeland,Dr,1,100
Shadow,Ln,1,100
Shadow,Pl,1,100
Shadow Cliff,Ct,1,100
Shadow Hills,Ct,1,100
Shadow Island,Dr,1,100
Shadow Lake,Ln,1,100
Shadow Oak,Ln,1,100
Shadow Pines,Blvd,1,100
Shadow Pines,Blvd,1,100
Shadow Rock,Ln,1,100
Shadow Valley,Ln,1,100
Shadowtree,Ln,1,100
Shadwell,Ct,1,100
Shady Glen,Ct,1,100
Shady Oak,Ln,1,100
Shadylane,Pl,1,100
Shadyview,Dr,1,100
Shakespeare,Ln,1,100
Shallot,Ct,1,100
Shana,Pl,1,100
Shangri La,Dr,1,100
Shannon,Ct,1,100
Shannon Ridge,Pl,1,100
Sharp,Rd,1,100
Shasta,Ct,1,100
Shasta,Dr,1,100
Shasta,Ln,1,100
Shasta Daisy,Pl,1,100
Shauna,Wy,1,100
Shaw,Pl,1,100
Shawna,Pl,1,100
Shawnee,Ct,1,100
Sheffield,Ln,1,100
Shelburne,Dr,1,100
Sheldon,Av,1,100
Shelley,Pl,1,100
Shelter Cove,Dr,1,100
Shenandoah,Ln,1,100
Sheridan,Rd,1,100
Sherman,Ln,1,100
Sherwood,Pl,1,100
Shine,Dr,1,100
Shinedale,Dr,1,100
Shirley,Ln,1,100
Shirley,Pl,1,100
Shorebreak,Ln,1,100
Sidani,Ln,1,100
Siena,Wy,1,100
Sienna Ridge Row,,1,100
Sierra,Ct,1,100
Sierra,Hwy,1,100
Sierra Cross,Av,1,100
Sierra Estates,Dr,1,100
Sierra Hill,St,1,100
Sierra Oak,Trl,1,100
Sierra Sunrise,Ln,1,100
Silhouette,Wy,1,100
Silk Tree,Wy,1,100
Silkwood,Ct,1,100
Silver,St,1,100
Silver Aspen,Wy,1,100
Silver Crest,Ct,1,100
Silver Oak,Ct,1,100
Silver Oak,Ln,1,100
Silver Ridge,Pl,1,100
Silver Saddle,Cr,1,100
Silver Star,Ln,1,100
Silverado,,1,100
Silverbell,Ln,1,100
Silverhawk,Pl,1,100
Silverking,Trl,1,100
Silversmith,Dr,1,100
Silverstone,Ln,1,100
Silverstream,Dr,1,100
Silverton,Ct,1,100
Simay,Ln,1,100
Sims,Ct,1,100
Simsalido,Av,1,100
Sinclair,Pl,1,100
Singer,Pl,1,100
Singing Hills,Dr,1,100
Singingwood,Dr,1,100
Sirani,Ct,1,100
Sival,Ct,1,100
Skipping Stone,Dr,1,100
Sky Ranch,Rd,1,100
Sky View,Ct,1,100
Skycrest,Cr,1,100
Skylake,Pl,1,100
Skyline,Ct,1,100
Skyridge,Dr,1,100
Slate,Ct,1,100
Sleepy Creek,Ln,1,100
Sloan Cyn,Rd,1,100
Sloan Cyn,Rd,1,100
Sloan Cyn,Rd,1,100
Smiley,Ct,1,100
Smoke Tree,Ln,1,100
Smoketree,Ln,1,100
Smokewood,Wy,1,100
Smyth,Dr,1,100
Snapdragon,Pl,1,100
Snow Drop,Ct,1,100
Snowbird,Pl,1,100
Snowy Owl,Ct,1,100
Soladera,Wy,1,100
Solamint,Rd,1,100
Solana,Ln,1,100
Soldon,Ct,1,100
Soledad,St,1,100
Soledad Cyn,Rd,1,100
Solon,Av,1,100
Sombras,Ct,1,100
Somerset,Ct,1,100
Sophia,Ln,1,100
Sorrel,Ct,1,100
Sorrento,Ct,1,100
Sorrento,Pl,1,100
Sourwood,Wy,1,100
Southampton,Dr,1,100
Southern Oaks,Dr,1,100
Southern Willow,Ct,1,100
Southwind,Ct,1,100
Spandau,Dr,1,100
Spanish Oak,Dr,1,100
Spencer,Ct,1,100
Spencer,Dr,1,100
Spice,Ct,1,100
Spinnaker,Ct,1,100
Spirit,Ct,1,100
Splendido,Ct,1,100
Spring Cyn,Rd,1,100
Spring Leaf,Ct,1,100
Spring Meadow,,1,100
Spring Shadow,Ct,1,100
Springbrook,Av,1,100
Springtree,Pl,1,100
Springvale,Ln,1,100
Spruce,St,1,100
Spruce Creek,Cr,1,100
Spruce Meadow,Ct,1,100
Spyglass,Ln,1,100
Squib,St,1,100
St Annes,Rd,1,100
St Denis,Ct,1,100
St Lawrence,St,1,100
St Moritz,Dr,1,100
St Tropez,Pl,1,100
Stafford Cyn,Rd,1,100
Stag Hollow,Ct,1,100
Stagecoach,Wy,1,100
Stageline,Rd,1,100
Stallion,Pl,1,100
Stanley,Ct,1,100
Stansfield,Ln,1,100
Star Crest,Ln,1,100
Star Cyn,Pl,1,100
Stardale,Dr,1,100
Starfall,Wy,1,100
Starkus,Wy,1,100
Starlight,Ln,1,100
Starling,Ct,1,100
Startree,Ln,1,100
Starwood,Pl,1,100
Starwood,Wy,1,100
Staten,Pl,1,100
Stein,Wy,1,100
Steinbeck,Av,1,100
Steinway,St,1,100
Sterling,Ln,1,100
Sterling,Ln,1,100
Sterling Grove,Ln,1,100
Steve Jon,St,1,100
Stevenson Ranch,Pkwy,1,100
Stevenson Ranch,Pkwy,1,100
Stevie,Ct,1,100
Stewart,Rd,1,100
Stillmore,St,1,100
Stillmore,St,1,100
Stillmore,St,1,100
Stillwater,Pl,1,100
Stipe,Ct,1,100
Stone Cyn,Ln,1,100
Stone Ridge,Ct,1,100
Stonechat,Ct,1,100
Stonecreek,Dr,1,100
Stonecreek,Rd,1,100
Stonegate,Dr,1,100
Stonehill,Wy,1,100
Stoney Creek,Rd,1,100
Stonington,Ln,1,100
Storage,Rd,1,100
Stover Flats,Ct,1,100
Stowe,Ln,1,100
Strambino,Ct,1,100
Stratford,Dr,1,100
Strawberry Pine,Ct,1,100
Stubby,,1,100
Sturbridge,Dr,1,100
Sturgeon,Ct,1,100
Sue,Dr,1,100
Sugar Bliss,Pl,1,100
Sugar Loaf,Ct,1,100
Sugar Pine,Wy,1,100
Sultus,St,1,100
Sumac,Ct,1,100
Summer Breeze,Ct,1,100
Summer Grove,Pl,1,100
Summer Maple,Wy,1,100
Summer Oak,Ct,1,100
Summerglen,Pl,1,100
Summerhill,Ln,1,100
Summit,Cr,1,100
Summit,Pl,1,100
Summit Hills,Dr,1,100
Summit View,Ct,1,100
Summit View,Dr,1,100
Sumner,Av,1,100
Sunbird,Ct,1,100
Sundance,Ln,1,100
Sundance,Pl,1,100
Sundance Creek,Dr,1,100
Sunderland,Ct,1,100
Sundowner,Wy,1,100
Sunflower,Ct,1,100
Sunny Creek,Dr,1,100
Sunnyvale,Ct,1,100
Sunridge,Pl,1,100
Sunrise,Ln,1,100
Sunrise Hills,Rd,1,100
Sunrise Summit,Dr,1,100
Sunrise View,Pl,1,100
Sunrose,Pl,1,100
Sunset Creek,,1,100
Sunset Hills,Dr,1,100
Sunshine Cyn Motor,Wy,1,100
Superior,Ct,1,100
Susan Beth,Wy,1,100
Susan Carole,Dr,1,100
Susan Ruth,St,1,100
Sutters Mill,Ct,1,100
Sutters Pointe,Dr,1,100
Suzanne,Ln,1,100
Suzie,Ln,1,100
Ct,,1,100
Swan,Ln,1,100
Sweet Shade,Ln,1,100
Sweetgum,Ln,1,100
Sweetwater,Ln,1,100
Swift,Ln,1,100
Sycamore,Ct,1,100
Sycamore,Dr,1,100
Sycamore Creek,Dr,1,100
Sycamore Creek,Dr,1,100
Sycamore Meadow,Dr,1,100
Sylvia,Dr,1,100
Taft,Ct,1,100
Tahoe,Ct,1,100
Tahoe,Dr,1,100
Talavera,Ln,1,100
Tamara,Pl,1,100
Tamarack,Ln,1,100
Tamarino,Wy,1,100
Tamarisk,Pl,1,100
Tambora,Dr,1,100
Tampico,Dr,1,100
Tanager,Ct,1,100
Tangelo,Ct,1,100
Tangerine,Ln,1,100
Tango,Dr,1,100
Tannahill,Av,1,100
Tapia Cyn,Rd,1,100
Tapia Cyn,Rd,1,100
Taranto,Av,1,100
Taryn,Dr,1,100
Taylor,Ct,1,100
Taylor,St,1,100
Teak,Ct,1,100
Teal,Ct,1,100
Teasedale,Pl,1,100
Technology,Dr,1,100
Telegraph Hill,Ct,1,100
Templin,Hwy,1,100
Tenda,Dr,1,100
Tenderfoot Trl,Rd,1,100
Tennyson,Ln,1,100
Terrace,Ct,1,100
Terrace View,Ct,1,100
Terracina,Pl,1,100
Terravista,Ct,1,100
Terraza,Ct,1,100
Terri,Dr,1,100
Tesoro Del Valle,Dr,1,100
Tesoro Del Valle,Dr,1,100
Teton,Trl,1,100
Texas,Rd,1,100
Texas Cyn,Rd,1,100
Texas Cyn,Rd,1,100
Texas Oil Company,Rd,1,100
Thackery,Ln,1,100
Thalia,Ln,1,100
The Old Dirt,Rd,1,100
The Old Road,,1,100
The Old Road,,1,100
The Old Road,,1,100
The Old Road,,1,100
The Old Road,,1,100
The Old Road,,1,100
Theodore,Ct,1,100
Thistle,Ct,1,100
Thompson,,1,100
Thompson Ranch,Rd,1,100
Thoreau,Wy,1,100
Thorley,Ct,1,100
Thorn Crest,Ct,1,100
Thorne,Ct,1,100
Thornewood,Dr,1,100
Thornton,Ln,1,100
Thurber,Wy,1,100
Tiara,Ct,1,100
Tibetan,Ct,1,100
Tiburon,St,1,100
Tick Cyn,Rd,1,100
Tide,Dr,1,100
Tierra,Dr,1,100
Tiffany,Ln,1,100
Timber,Pl,1,100
Timber Branch,Pl,1,100
Timber View,Ct,1,100
Timberlane,Ct,1,100
Timberline,St,1,100
Timberline,Ter,1,100
Timon,Ln,1,100
Timothy,Dr,1,100
Tobiah,Pl,1,100
Tolima,Dr,1,100
Topaz,Ct,1,100
Topper,Ct,1,100
Torrey Pines,Dr,1,100
Toscana,Ct,1,100
Toscana,Dr,1,100
Tossano,Dr,1,100
Tothill,Dr,1,100
Toucan,St,1,100
Touchstone,Pl,1,100
Tourelle,Pl,1,100
Tournament,Rd,1,100
Tournament,Rd,1,100
Tourney,Rd,1,100
Towhee,Ct,1,100
Town Center,Dr,1,100
Township,St,1,100
Townsley,Ct,1,100
Towsley Cyn,Rd,1,100
Tracy,Ct,1,100
Trail Ridge,Rd,1,100
Trailside,Ct,1,100
Travers,Ct,1,100
Treasure Vista,Dr,1,100
Trellis,Rd,1,100
Trent,Wy,1,100
Trenton,Pl,1,100
Trevino,Dr,1,100
Trevyelon,St,1,100
Trillium,Ln,1,100
Trinidad,Ct,1,100
Trinity,Pl,1,100
Tristin,Dr,1,100
Triumph,Av,1,100
Trotters,Ln,1,100
True Grit,Ct,1,100
Truman,Ct,1,100
Trumpet,Dr,1,100
Tula,Dr,1,100
Tula,Dr,1,100
Tule Ridge Fire,Rd,1,100
Tulip,Ct,1,100
Tulip Grove,St,1,100
Tulipland,Av,1,100
Tulipland,Av,1,100
Tumbleweed,Wy,1,100
Tupelo Ridge,Dr,1,100
Turmeric,Ct,1,100
Turnstone,Ct,1,100
Turquesa,Dr,1,100
Twain,Pl,1,100
Twin Oaks,Pl,1,100
Twin Tides,Dr,1,100
Tyler,Ln,1,100
Undine,Rd,1,100
Urbandale,Av,1,100
Utopia,Ct,1,100
Vaca,Av,1,100
Vadito,Pl,1,100
Val Verde,Rd,1,100
Valcour,Dr,1,100
Valderrama,Dr,1,100
Vale,Ct,1,100
Valencia,Blvd,1,100
Valerio,Ct,1,100
Valle Del Oro,,1,100
Valley,St,1,100
Valley Center,Dr,1,100
Valley Cyn,Rd,1,100
Valley Glenn,St,1,100
Valley Oak,Ct,1,100
Valley Oak,Ln,1,100
Valley Oak,Pl,1,100
Valley Point,Ln,1,100
Valley Ranch,Rd,1,100
Valley View,Wy,1,100
Valley Vista,Ct,1,100
Valley Wells,Ct,1,100
Van Buren,St,1,100
Van Gogh,Ln,1,100
Van Gorder,Wy,1,100
Vanderbilt,Wy,1,100
Vaquero,Ct,1,100
Varese,Ct,1,100
Vasquez,Wy,1,100
Vasquez Cyn,Rd,1,100
Vasquez Cyn,Rd,1,100
Vasquez Rock,Ct,1,100
Vasquez Truck,Trl,1,100
Vega,Walk,1,100
Velan,Dr,1,100
Venturi,Dr,1,100
Verandah,Ct,1,100
Verdale,Av,1,100
Vermont,Dr,1,100
Vernal,Wy,1,100
Verne,Ct,1,100
Vernon,Av,1,100
Verona,Dr,1,100
Versailles,Av,1,100
Via Acorde,,1,100
Via Adelena,,1,100
Via Adorna,,1,100
Via Alcira,,1,100
Via Alisa,,1,100
Via Amado,,1,100
Via Amare,,1,100
Via Andorra,,1,100
Via Aranda,,1,100
Via Artina,,1,100
Via Avant,,1,100
Via Barra,,1,100
Via Beeler,,1,100
Via Beguine,,1,100
Via Bellazza,,1,100
Via Belterra,,1,100
Via Bocina,,1,100
Via Bordeaux,,1,100
Via Boscana,,1,100
Via Brasa,,1,100
Via Brava,,1,100
Via Calinda,,1,100
Via Calisero,,1,100
Via Calma,,1,100
Via Campana,,1,100
Via Candela,,1,100
Via Candice,,1,100
Via Canon,,1,100
Via Castanet,,1,100
Via Catalina,,1,100
Via Chantilly,,1,100
Via Clasico,,1,100
Via Collina,,1,100
Via Copeta,,1,100
Via Corsa,,1,100
Via Corto,,1,100
Via Cresta,,1,100
Via Cruz,,1,100
Via Dabna,,1,100
Via Dalia,,1,100
Via Danza,,1,100
Via Decano,,1,100
Via Delfina,,1,100
Via Delicia,,1,100
Via Delos,,1,100
Via Desca,,1,100
Via Dia,,1,100
Via Dolarita,,1,100
Via Dona Christa,,1,100
Via Ebano,,1,100
Via Elisandra,,1,100
Via Eliso,,1,100
Via Escovar,,1,100
Via Estancia,,1,100
Via Estrella,,1,100
Via Farallon,,1,100
Via Farol,,1,100
Via Flamenco,,1,100
Via Flored,,1,100
Via Fuente,,1,100
Via Galera,,1,100
Via Gardenia,,1,100
Via Gavola,,1,100
Via Gayo,,1,100
Via Gracioso,,1,100
Via Hamaca,,1,100
Via Helina,,1,100
Via Heraldo,,1,100
Via Hispano,,1,100
Via Impreso,,1,100
Via Irana,,1,100
Via Jacara,,1,100
Via Jardin,,1,100
Via Joyce,Dr,1,100
Via Juana,,1,100
Via Kalban,,1,100
Via Kannela,,1,100
Via La Casa,,1,100
Via La Paz,,1,100
Via Labrada,,1,100
Via Ladera,,1,100
Via Lupona,,1,100
Via Macarena,,1,100
Via Maduro,,1,100
Via Marcia,,1,100
Via Mariposa,,1,100
Via Milagro,,1,100
Via Montana,,1,100
Via Nautica,,1,100
Via Novia,,1,100
Via Onda,,1,100
Via Oriol,,1,100
Via Ott,,1,100
Via Pacifica,Ct,1,100
Via Pacifica,,1,100
Via Palacio,,1,100
Via Paladar,,1,100
Via Patina,,1,100
Via Plata,,1,100
Via Primero,,1,100
Via Princessa,,1,100
Via Princessa,,1,100
Via Princessa,,1,100
Via Princessa,,1,100
Via Princessa,,1,100
Via Ramon,,1,100
Via Rana,,1,100
Via Raza,,1,100
Via Rosa Linda,,1,100
Via Saludo,,1,100
Via Sereno,,1,100
Via Sistine,,1,100
Via Solano,,1,100
Via Sonata,Dr,1,100
Via Tanara,,1,100
Via Tehago,,1,100
Via Telino,,1,100
Via Terraza,,1,100
Via Tomas,,1,100
Via Turina,,1,100
Via Valentina,,1,100
Via Valer,,1,100
Via Velador,,1,100
Via Ventana,,1,100
Via Viejo,,1,100
Via Vista,,1,100
Via Vizcaya,,1,100
Vicci,St,1,100
Vicenza,Ln,1,100
Victoria,Ln,1,100
Victoria,Rd,1,100
Victory,Ct,1,100
Viejo,Ct,1,100
Viento,Ct,1,100
View,Pl,1,100
View Pointe,Ln,1,100
Villa Cyn,Rd,1,100
Village,Cr,1,100
Vineyard,Ln,1,100
Violet Hills,Dr,1,100
Violetlane,Wy,1,100
Violin Cyn,Rd,1,100
Vireo,Ct,1,100
Visco,Ct,1,100
Vista,Ct,1,100
Vista Del Canon,,1,100
Vista Del Rio,,1,100
Vista Delgado,Dr,1,100
Vista Encantada,Dr,1,100
Vista Fairways,Dr,1,100
Vista Hills,Dr,1,100
Vista Point,Ln,1,100
Vista Point,Pl,1,100
Vista Ridge,Dr,1,100
Vista Rosina,Dr,1,100
Vista View,Dr,1,100
Voltaire,Pl,1,100
Wabuska,St,1,100
Wager,Rd,1,100
Wagner,Wy,1,100
Wakefield,Ct,1,100
Wakefield,Rd,1,100
Walker,Ct,1,100
